n_poi,n_run,n_epoch,accuracy,precision,recall,f1
5,0,0,1.0,1.0,1.0,1.0
5,0,1,1.0,1.0,1.0,1.0
5,0,2,1.0,1.0,1.0,1.0
5,0,3,1.0,1.0,1.0,1.0
5,0,4,1.0,1.0,1.0,1.0
5,0,5,1.0,1.0,1.0,1.0
5,0,6,1.0,1.0,1.0,1.0
5,0,7,1.0,1.0,1.0,1.0
5,0,8,1.0,1.0,1.0,1.0
5,0,9,1.0,1.0,1.0,1.0
5,0,10,1.0,1.0,1.0,1.0
5,0,11,1.0,1.0,1.0,1.0
5,0,12,1.0,1.0,1.0,1.0
5,0,13,1.0,1.0,1.0,1.0
5,0,14,1.0,1.0,1.0,1.0
5,0,15,1.0,1.0,1.0,1.0
5,0,16,1.0,1.0,1.0,1.0
5,0,17,1.0,1.0,1.0,1.0
5,0,18,1.0,1.0,1.0,1.0
5,0,19,1.0,1.0,1.0,1.0
5,0,20,1.0,1.0,1.0,1.0
5,0,21,1.0,1.0,1.0,1.0
5,0,22,1.0,1.0,1.0,1.0
5,0,23,1.0,1.0,1.0,1.0
5,0,24,1.0,1.0,1.0,1.0
5,1,0,1.0,1.0,1.0,1.0
5,1,1,1.0,1.0,1.0,1.0
5,1,2,1.0,1.0,1.0,1.0
5,1,3,1.0,1.0,1.0,1.0
5,1,4,1.0,1.0,1.0,1.0
5,1,5,1.0,1.0,1.0,1.0
5,1,6,1.0,1.0,1.0,1.0
5,1,7,1.0,1.0,1.0,1.0
5,1,8,1.0,1.0,1.0,1.0
5,1,9,1.0,1.0,1.0,1.0
5,1,10,1.0,1.0,1.0,1.0
5,1,11,1.0,1.0,1.0,1.0
5,1,12,1.0,1.0,1.0,1.0
5,1,13,1.0,1.0,1.0,1.0
5,1,14,1.0,1.0,1.0,1.0
5,1,15,1.0,1.0,1.0,1.0
5,1,16,1.0,1.0,1.0,1.0
5,1,17,1.0,1.0,1.0,1.0
5,1,18,1.0,1.0,1.0,1.0
5,1,19,1.0,1.0,1.0,1.0
5,1,20,1.0,1.0,1.0,1.0
5,1,21,1.0,1.0,1.0,1.0
5,1,22,1.0,1.0,1.0,1.0
5,1,23,1.0,1.0,1.0,1.0
5,1,24,1.0,1.0,1.0,1.0
5,2,0,1.0,1.0,1.0,1.0
5,2,1,1.0,1.0,1.0,1.0
5,2,2,1.0,1.0,1.0,1.0
5,2,3,1.0,1.0,1.0,1.0
5,2,4,1.0,1.0,1.0,1.0
5,2,5,1.0,1.0,1.0,1.0
5,2,6,1.0,1.0,1.0,1.0
5,2,7,1.0,1.0,1.0,1.0
5,2,8,1.0,1.0,1.0,1.0
5,2,9,1.0,1.0,1.0,1.0
5,2,10,1.0,1.0,1.0,1.0
5,2,11,1.0,1.0,1.0,1.0
5,2,12,1.0,1.0,1.0,1.0
5,2,13,1.0,1.0,1.0,1.0
5,2,14,1.0,1.0,1.0,1.0
5,2,15,1.0,1.0,1.0,1.0
5,2,16,1.0,1.0,1.0,1.0
5,2,17,1.0,1.0,1.0,1.0
5,2,18,1.0,1.0,1.0,1.0
5,2,19,1.0,1.0,1.0,1.0
5,2,20,1.0,1.0,1.0,1.0
5,2,21,1.0,1.0,1.0,1.0
5,2,22,1.0,1.0,1.0,1.0
5,2,23,1.0,1.0,1.0,1.0
5,2,24,1.0,1.0,1.0,1.0
5,3,0,1.0,1.0,1.0,1.0
5,3,1,1.0,1.0,1.0,1.0
5,3,2,1.0,1.0,1.0,1.0
5,3,3,1.0,1.0,1.0,1.0
5,3,4,1.0,1.0,1.0,1.0
5,3,5,1.0,1.0,1.0,1.0
5,3,6,1.0,1.0,1.0,1.0
5,3,7,1.0,1.0,1.0,1.0
5,3,8,1.0,1.0,1.0,1.0
5,3,9,1.0,1.0,1.0,1.0
5,3,10,1.0,1.0,1.0,1.0
5,3,11,1.0,1.0,1.0,1.0
5,3,12,1.0,1.0,1.0,1.0
5,3,13,1.0,1.0,1.0,1.0
5,3,14,1.0,1.0,1.0,1.0
5,3,15,1.0,1.0,1.0,1.0
5,3,16,1.0,1.0,1.0,1.0
5,3,17,1.0,1.0,1.0,1.0
5,3,18,1.0,1.0,1.0,1.0
5,3,19,1.0,1.0,1.0,1.0
5,3,20,1.0,1.0,1.0,1.0
5,3,21,1.0,1.0,1.0,1.0
5,3,22,1.0,1.0,1.0,1.0
5,3,23,1.0,1.0,1.0,1.0
5,3,24,1.0,1.0,1.0,1.0
5,4,0,1.0,1.0,1.0,1.0
5,4,1,1.0,1.0,1.0,1.0
5,4,2,1.0,1.0,1.0,1.0
5,4,3,1.0,1.0,1.0,1.0
5,4,4,1.0,1.0,1.0,1.0
5,4,5,1.0,1.0,1.0,1.0
5,4,6,1.0,1.0,1.0,1.0
5,4,7,1.0,1.0,1.0,1.0
5,4,8,1.0,1.0,1.0,1.0
5,4,9,1.0,1.0,1.0,1.0
5,4,10,1.0,1.0,1.0,1.0
5,4,11,1.0,1.0,1.0,1.0
5,4,12,1.0,1.0,1.0,1.0
5,4,13,1.0,1.0,1.0,1.0
5,4,14,1.0,1.0,1.0,1.0
5,4,15,1.0,1.0,1.0,1.0
5,4,16,1.0,1.0,1.0,1.0
5,4,17,1.0,1.0,1.0,1.0
5,4,18,1.0,1.0,1.0,1.0
5,4,19,1.0,1.0,1.0,1.0
5,4,20,1.0,1.0,1.0,1.0
5,4,21,1.0,1.0,1.0,1.0
5,4,22,1.0,1.0,1.0,1.0
5,4,23,1.0,1.0,1.0,1.0
5,4,24,1.0,1.0,1.0,1.0
5,5,0,1.0,1.0,1.0,1.0
5,5,1,1.0,1.0,1.0,1.0
5,5,2,1.0,1.0,1.0,1.0
5,5,3,1.0,1.0,1.0,1.0
5,5,4,1.0,1.0,1.0,1.0
5,5,5,1.0,1.0,1.0,1.0
5,5,6,1.0,1.0,1.0,1.0
5,5,7,1.0,1.0,1.0,1.0
5,5,8,1.0,1.0,1.0,1.0
5,5,9,1.0,1.0,1.0,1.0
5,5,10,1.0,1.0,1.0,1.0
5,5,11,1.0,1.0,1.0,1.0
5,5,12,1.0,1.0,1.0,1.0
5,5,13,1.0,1.0,1.0,1.0
5,5,14,1.0,1.0,1.0,1.0
5,5,15,1.0,1.0,1.0,1.0
5,5,16,1.0,1.0,1.0,1.0
5,5,17,1.0,1.0,1.0,1.0
5,5,18,1.0,1.0,1.0,1.0
5,5,19,1.0,1.0,1.0,1.0
5,5,20,1.0,1.0,1.0,1.0
5,5,21,1.0,1.0,1.0,1.0
5,5,22,1.0,1.0,1.0,1.0
5,5,23,1.0,1.0,1.0,1.0
5,5,24,1.0,1.0,1.0,1.0
5,6,0,1.0,1.0,1.0,1.0
5,6,1,1.0,1.0,1.0,1.0
5,6,2,1.0,1.0,1.0,1.0
5,6,3,1.0,1.0,1.0,1.0
5,6,4,1.0,1.0,1.0,1.0
5,6,5,1.0,1.0,1.0,1.0
5,6,6,1.0,1.0,1.0,1.0
5,6,7,1.0,1.0,1.0,1.0
5,6,8,1.0,1.0,1.0,1.0
5,6,9,1.0,1.0,1.0,1.0
5,6,10,1.0,1.0,1.0,1.0
5,6,11,1.0,1.0,1.0,1.0
5,6,12,1.0,1.0,1.0,1.0
5,6,13,1.0,1.0,1.0,1.0
5,6,14,1.0,1.0,1.0,1.0
5,6,15,1.0,1.0,1.0,1.0
5,6,16,1.0,1.0,1.0,1.0
5,6,17,1.0,1.0,1.0,1.0
5,6,18,1.0,1.0,1.0,1.0
5,6,19,1.0,1.0,1.0,1.0
5,6,20,1.0,1.0,1.0,1.0
5,6,21,1.0,1.0,1.0,1.0
5,6,22,1.0,1.0,1.0,1.0
5,6,23,1.0,1.0,1.0,1.0
5,6,24,1.0,1.0,1.0,1.0
5,7,0,1.0,1.0,1.0,1.0
5,7,1,1.0,1.0,1.0,1.0
5,7,2,1.0,1.0,1.0,1.0
5,7,3,1.0,1.0,1.0,1.0
5,7,4,1.0,1.0,1.0,1.0
5,7,5,1.0,1.0,1.0,1.0
5,7,6,1.0,1.0,1.0,1.0
5,7,7,1.0,1.0,1.0,1.0
5,7,8,1.0,1.0,1.0,1.0
5,7,9,1.0,1.0,1.0,1.0
5,7,10,1.0,1.0,1.0,1.0
5,7,11,1.0,1.0,1.0,1.0
5,7,12,1.0,1.0,1.0,1.0
5,7,13,1.0,1.0,1.0,1.0
5,7,14,1.0,1.0,1.0,1.0
5,7,15,1.0,1.0,1.0,1.0
5,7,16,1.0,1.0,1.0,1.0
5,7,17,1.0,1.0,1.0,1.0
5,7,18,1.0,1.0,1.0,1.0
5,7,19,1.0,1.0,1.0,1.0
5,7,20,1.0,1.0,1.0,1.0
5,7,21,1.0,1.0,1.0,1.0
5,7,22,1.0,1.0,1.0,1.0
5,7,23,1.0,1.0,1.0,1.0
5,7,24,1.0,1.0,1.0,1.0
5,8,0,1.0,1.0,1.0,1.0
5,8,1,1.0,1.0,1.0,1.0
5,8,2,1.0,1.0,1.0,1.0
5,8,3,1.0,1.0,1.0,1.0
5,8,4,1.0,1.0,1.0,1.0
5,8,5,1.0,1.0,1.0,1.0
5,8,6,1.0,1.0,1.0,1.0
5,8,7,1.0,1.0,1.0,1.0
5,8,8,1.0,1.0,1.0,1.0
5,8,9,1.0,1.0,1.0,1.0
5,8,10,1.0,1.0,1.0,1.0
5,8,11,1.0,1.0,1.0,1.0
5,8,12,1.0,1.0,1.0,1.0
5,8,13,1.0,1.0,1.0,1.0
5,8,14,1.0,1.0,1.0,1.0
5,8,15,1.0,1.0,1.0,1.0
5,8,16,1.0,1.0,1.0,1.0
5,8,17,1.0,1.0,1.0,1.0
5,8,18,1.0,1.0,1.0,1.0
5,8,19,1.0,1.0,1.0,1.0
5,8,20,1.0,1.0,1.0,1.0
5,8,21,1.0,1.0,1.0,1.0
5,8,22,1.0,1.0,1.0,1.0
5,8,23,1.0,1.0,1.0,1.0
5,8,24,1.0,1.0,1.0,1.0
5,9,0,1.0,1.0,1.0,1.0
5,9,1,1.0,1.0,1.0,1.0
5,9,2,1.0,1.0,1.0,1.0
5,9,3,1.0,1.0,1.0,1.0
5,9,4,1.0,1.0,1.0,1.0
5,9,5,1.0,1.0,1.0,1.0
5,9,6,1.0,1.0,1.0,1.0
5,9,7,1.0,1.0,1.0,1.0
5,9,8,1.0,1.0,1.0,1.0
5,9,9,1.0,1.0,1.0,1.0
5,9,10,1.0,1.0,1.0,1.0
5,9,11,1.0,1.0,1.0,1.0
5,9,12,1.0,1.0,1.0,1.0
5,9,13,1.0,1.0,1.0,1.0
5,9,14,1.0,1.0,1.0,1.0
5,9,15,1.0,1.0,1.0,1.0
5,9,16,1.0,1.0,1.0,1.0
5,9,17,1.0,1.0,1.0,1.0
5,9,18,1.0,1.0,1.0,1.0
5,9,19,1.0,1.0,1.0,1.0
5,9,20,1.0,1.0,1.0,1.0
5,9,21,1.0,1.0,1.0,1.0
5,9,22,1.0,1.0,1.0,1.0
5,9,23,1.0,1.0,1.0,1.0
5,9,24,1.0,1.0,1.0,1.0
5,10,0,1.0,1.0,1.0,1.0
5,10,1,1.0,1.0,1.0,1.0
5,10,2,1.0,1.0,1.0,1.0
5,10,3,1.0,1.0,1.0,1.0
5,10,4,1.0,1.0,1.0,1.0
5,10,5,1.0,1.0,1.0,1.0
5,10,6,1.0,1.0,1.0,1.0
5,10,7,1.0,1.0,1.0,1.0
5,10,8,1.0,1.0,1.0,1.0
5,10,9,1.0,1.0,1.0,1.0
5,10,10,1.0,1.0,1.0,1.0
5,10,11,1.0,1.0,1.0,1.0
5,10,12,1.0,1.0,1.0,1.0
5,10,13,1.0,1.0,1.0,1.0
5,10,14,1.0,1.0,1.0,1.0
5,10,15,1.0,1.0,1.0,1.0
5,10,16,1.0,1.0,1.0,1.0
5,10,17,1.0,1.0,1.0,1.0
5,10,18,1.0,1.0,1.0,1.0
5,10,19,1.0,1.0,1.0,1.0
5,10,20,1.0,1.0,1.0,1.0
5,10,21,1.0,1.0,1.0,1.0
5,10,22,1.0,1.0,1.0,1.0
5,10,23,1.0,1.0,1.0,1.0
5,10,24,1.0,1.0,1.0,1.0
5,11,0,1.0,1.0,1.0,1.0
5,11,1,1.0,1.0,1.0,1.0
5,11,2,1.0,1.0,1.0,1.0
5,11,3,1.0,1.0,1.0,1.0
5,11,4,1.0,1.0,1.0,1.0
5,11,5,1.0,1.0,1.0,1.0
5,11,6,1.0,1.0,1.0,1.0
5,11,7,1.0,1.0,1.0,1.0
5,11,8,1.0,1.0,1.0,1.0
5,11,9,1.0,1.0,1.0,1.0
5,11,10,1.0,1.0,1.0,1.0
5,11,11,1.0,1.0,1.0,1.0
5,11,12,1.0,1.0,1.0,1.0
5,11,13,1.0,1.0,1.0,1.0
5,11,14,1.0,1.0,1.0,1.0
5,11,15,1.0,1.0,1.0,1.0
5,11,16,1.0,1.0,1.0,1.0
5,11,17,1.0,1.0,1.0,1.0
5,11,18,1.0,1.0,1.0,1.0
5,11,19,1.0,1.0,1.0,1.0
5,11,20,1.0,1.0,1.0,1.0
5,11,21,1.0,1.0,1.0,1.0
5,11,22,1.0,1.0,1.0,1.0
5,11,23,1.0,1.0,1.0,1.0
5,11,24,1.0,1.0,1.0,1.0
5,12,0,1.0,1.0,1.0,1.0
5,12,1,1.0,1.0,1.0,1.0
5,12,2,1.0,1.0,1.0,1.0
5,12,3,1.0,1.0,1.0,1.0
5,12,4,1.0,1.0,1.0,1.0
5,12,5,1.0,1.0,1.0,1.0
5,12,6,1.0,1.0,1.0,1.0
5,12,7,1.0,1.0,1.0,1.0
5,12,8,1.0,1.0,1.0,1.0
5,12,9,1.0,1.0,1.0,1.0
5,12,10,1.0,1.0,1.0,1.0
5,12,11,1.0,1.0,1.0,1.0
5,12,12,1.0,1.0,1.0,1.0
5,12,13,1.0,1.0,1.0,1.0
5,12,14,1.0,1.0,1.0,1.0
5,12,15,1.0,1.0,1.0,1.0
5,12,16,1.0,1.0,1.0,1.0
5,12,17,1.0,1.0,1.0,1.0
5,12,18,1.0,1.0,1.0,1.0
5,12,19,1.0,1.0,1.0,1.0
5,12,20,1.0,1.0,1.0,1.0
5,12,21,1.0,1.0,1.0,1.0
5,12,22,1.0,1.0,1.0,1.0
5,12,23,1.0,1.0,1.0,1.0
5,12,24,1.0,1.0,1.0,1.0
5,13,0,1.0,1.0,1.0,1.0
5,13,1,1.0,1.0,1.0,1.0
5,13,2,1.0,1.0,1.0,1.0
5,13,3,1.0,1.0,1.0,1.0
5,13,4,1.0,1.0,1.0,1.0
5,13,5,1.0,1.0,1.0,1.0
5,13,6,1.0,1.0,1.0,1.0
5,13,7,1.0,1.0,1.0,1.0
5,13,8,1.0,1.0,1.0,1.0
5,13,9,1.0,1.0,1.0,1.0
5,13,10,1.0,1.0,1.0,1.0
5,13,11,1.0,1.0,1.0,1.0
5,13,12,1.0,1.0,1.0,1.0
5,13,13,1.0,1.0,1.0,1.0
5,13,14,1.0,1.0,1.0,1.0
5,13,15,1.0,1.0,1.0,1.0
5,13,16,1.0,1.0,1.0,1.0
5,13,17,1.0,1.0,1.0,1.0
5,13,18,1.0,1.0,1.0,1.0
5,13,19,1.0,1.0,1.0,1.0
5,13,20,1.0,1.0,1.0,1.0
5,13,21,1.0,1.0,1.0,1.0
5,13,22,1.0,1.0,1.0,1.0
5,13,23,1.0,1.0,1.0,1.0
5,13,24,1.0,1.0,1.0,1.0
5,14,0,1.0,1.0,1.0,1.0
5,14,1,1.0,1.0,1.0,1.0
5,14,2,1.0,1.0,1.0,1.0
5,14,3,1.0,1.0,1.0,1.0
5,14,4,1.0,1.0,1.0,1.0
5,14,5,1.0,1.0,1.0,1.0
5,14,6,1.0,1.0,1.0,1.0
5,14,7,1.0,1.0,1.0,1.0
5,14,8,1.0,1.0,1.0,1.0
5,14,9,1.0,1.0,1.0,1.0
5,14,10,1.0,1.0,1.0,1.0
5,14,11,1.0,1.0,1.0,1.0
5,14,12,1.0,1.0,1.0,1.0
5,14,13,1.0,1.0,1.0,1.0
5,14,14,1.0,1.0,1.0,1.0
5,14,15,1.0,1.0,1.0,1.0
5,14,16,1.0,1.0,1.0,1.0
5,14,17,1.0,1.0,1.0,1.0
5,14,18,1.0,1.0,1.0,1.0
5,14,19,1.0,1.0,1.0,1.0
5,14,20,1.0,1.0,1.0,1.0
5,14,21,1.0,1.0,1.0,1.0
5,14,22,1.0,1.0,1.0,1.0
5,14,23,1.0,1.0,1.0,1.0
5,14,24,1.0,1.0,1.0,1.0
5,15,0,1.0,1.0,1.0,1.0
5,15,1,1.0,1.0,1.0,1.0
5,15,2,1.0,1.0,1.0,1.0
5,15,3,1.0,1.0,1.0,1.0
5,15,4,1.0,1.0,1.0,1.0
5,15,5,1.0,1.0,1.0,1.0
5,15,6,1.0,1.0,1.0,1.0
5,15,7,1.0,1.0,1.0,1.0
5,15,8,1.0,1.0,1.0,1.0
5,15,9,1.0,1.0,1.0,1.0
5,15,10,1.0,1.0,1.0,1.0
5,15,11,1.0,1.0,1.0,1.0
5,15,12,1.0,1.0,1.0,1.0
5,15,13,1.0,1.0,1.0,1.0
5,15,14,1.0,1.0,1.0,1.0
5,15,15,1.0,1.0,1.0,1.0
5,15,16,1.0,1.0,1.0,1.0
5,15,17,1.0,1.0,1.0,1.0
5,15,18,1.0,1.0,1.0,1.0
5,15,19,1.0,1.0,1.0,1.0
5,15,20,1.0,1.0,1.0,1.0
5,15,21,1.0,1.0,1.0,1.0
5,15,22,1.0,1.0,1.0,1.0
5,15,23,1.0,1.0,1.0,1.0
5,15,24,1.0,1.0,1.0,1.0
5,16,0,1.0,1.0,1.0,1.0
5,16,1,1.0,1.0,1.0,1.0
5,16,2,1.0,1.0,1.0,1.0
5,16,3,1.0,1.0,1.0,1.0
5,16,4,1.0,1.0,1.0,1.0
5,16,5,1.0,1.0,1.0,1.0
5,16,6,1.0,1.0,1.0,1.0
5,16,7,1.0,1.0,1.0,1.0
5,16,8,1.0,1.0,1.0,1.0
5,16,9,1.0,1.0,1.0,1.0
5,16,10,1.0,1.0,1.0,1.0
5,16,11,1.0,1.0,1.0,1.0
5,16,12,1.0,1.0,1.0,1.0
5,16,13,1.0,1.0,1.0,1.0
5,16,14,1.0,1.0,1.0,1.0
5,16,15,1.0,1.0,1.0,1.0
5,16,16,1.0,1.0,1.0,1.0
5,16,17,1.0,1.0,1.0,1.0
5,16,18,1.0,1.0,1.0,1.0
5,16,19,1.0,1.0,1.0,1.0
5,16,20,1.0,1.0,1.0,1.0
5,16,21,1.0,1.0,1.0,1.0
5,16,22,1.0,1.0,1.0,1.0
5,16,23,1.0,1.0,1.0,1.0
5,16,24,1.0,1.0,1.0,1.0
5,17,0,1.0,1.0,1.0,1.0
5,17,1,1.0,1.0,1.0,1.0
5,17,2,1.0,1.0,1.0,1.0
5,17,3,1.0,1.0,1.0,1.0
5,17,4,1.0,1.0,1.0,1.0
5,17,5,1.0,1.0,1.0,1.0
5,17,6,1.0,1.0,1.0,1.0
5,17,7,1.0,1.0,1.0,1.0
5,17,8,1.0,1.0,1.0,1.0
5,17,9,1.0,1.0,1.0,1.0
5,17,10,1.0,1.0,1.0,1.0
5,17,11,1.0,1.0,1.0,1.0
5,17,12,1.0,1.0,1.0,1.0
5,17,13,1.0,1.0,1.0,1.0
5,17,14,1.0,1.0,1.0,1.0
5,17,15,1.0,1.0,1.0,1.0
5,17,16,1.0,1.0,1.0,1.0
5,17,17,1.0,1.0,1.0,1.0
5,17,18,1.0,1.0,1.0,1.0
5,17,19,1.0,1.0,1.0,1.0
5,17,20,1.0,1.0,1.0,1.0
5,17,21,1.0,1.0,1.0,1.0
5,17,22,1.0,1.0,1.0,1.0
5,17,23,1.0,1.0,1.0,1.0
5,17,24,1.0,1.0,1.0,1.0
5,18,0,1.0,1.0,1.0,1.0
5,18,1,1.0,1.0,1.0,1.0
5,18,2,1.0,1.0,1.0,1.0
5,18,3,1.0,1.0,1.0,1.0
5,18,4,1.0,1.0,1.0,1.0
5,18,5,1.0,1.0,1.0,1.0
5,18,6,1.0,1.0,1.0,1.0
5,18,7,1.0,1.0,1.0,1.0
5,18,8,1.0,1.0,1.0,1.0
5,18,9,1.0,1.0,1.0,1.0
5,18,10,1.0,1.0,1.0,1.0
5,18,11,1.0,1.0,1.0,1.0
5,18,12,1.0,1.0,1.0,1.0
5,18,13,1.0,1.0,1.0,1.0
5,18,14,1.0,1.0,1.0,1.0
5,18,15,1.0,1.0,1.0,1.0
5,18,16,1.0,1.0,1.0,1.0
5,18,17,1.0,1.0,1.0,1.0
5,18,18,1.0,1.0,1.0,1.0
5,18,19,1.0,1.0,1.0,1.0
5,18,20,1.0,1.0,1.0,1.0
5,18,21,1.0,1.0,1.0,1.0
5,18,22,1.0,1.0,1.0,1.0
5,18,23,1.0,1.0,1.0,1.0
5,18,24,1.0,1.0,1.0,1.0
5,19,0,1.0,1.0,1.0,1.0
5,19,1,1.0,1.0,1.0,1.0
5,19,2,1.0,1.0,1.0,1.0
5,19,3,1.0,1.0,1.0,1.0
5,19,4,1.0,1.0,1.0,1.0
5,19,5,1.0,1.0,1.0,1.0
5,19,6,1.0,1.0,1.0,1.0
5,19,7,1.0,1.0,1.0,1.0
5,19,8,1.0,1.0,1.0,1.0
5,19,9,1.0,1.0,1.0,1.0
5,19,10,1.0,1.0,1.0,1.0
5,19,11,1.0,1.0,1.0,1.0
5,19,12,1.0,1.0,1.0,1.0
5,19,13,1.0,1.0,1.0,1.0
5,19,14,1.0,1.0,1.0,1.0
5,19,15,1.0,1.0,1.0,1.0
5,19,16,1.0,1.0,1.0,1.0
5,19,17,1.0,1.0,1.0,1.0
5,19,18,1.0,1.0,1.0,1.0
5,19,19,1.0,1.0,1.0,1.0
5,19,20,1.0,1.0,1.0,1.0
5,19,21,1.0,1.0,1.0,1.0
5,19,22,1.0,1.0,1.0,1.0
5,19,23,1.0,1.0,1.0,1.0
5,19,24,1.0,1.0,1.0,1.0
10,0,0,1.0,1.0,1.0,1.0
10,0,1,1.0,1.0,1.0,1.0
10,0,2,1.0,1.0,1.0,1.0
10,0,3,1.0,1.0,1.0,1.0
10,0,4,1.0,1.0,1.0,1.0
10,0,5,1.0,1.0,1.0,1.0
10,0,6,1.0,1.0,1.0,1.0
10,0,7,1.0,1.0,1.0,1.0
10,0,8,1.0,1.0,1.0,1.0
10,0,9,1.0,1.0,1.0,1.0
10,0,10,1.0,1.0,1.0,1.0
10,0,11,1.0,1.0,1.0,1.0
10,0,12,1.0,1.0,1.0,1.0
10,0,13,1.0,1.0,1.0,1.0
10,0,14,1.0,1.0,1.0,1.0
10,0,15,1.0,1.0,1.0,1.0
10,0,16,1.0,1.0,1.0,1.0
10,0,17,1.0,1.0,1.0,1.0
10,0,18,1.0,1.0,1.0,1.0
10,0,19,1.0,1.0,1.0,1.0
10,0,20,1.0,1.0,1.0,1.0
10,0,21,1.0,1.0,1.0,1.0
10,0,22,1.0,1.0,1.0,1.0
10,0,23,1.0,1.0,1.0,1.0
10,0,24,1.0,1.0,1.0,1.0
10,1,0,1.0,1.0,1.0,1.0
10,1,1,1.0,1.0,1.0,1.0
10,1,2,1.0,1.0,1.0,1.0
10,1,3,1.0,1.0,1.0,1.0
10,1,4,1.0,1.0,1.0,1.0
10,1,5,1.0,1.0,1.0,1.0
10,1,6,1.0,1.0,1.0,1.0
10,1,7,1.0,1.0,1.0,1.0
10,1,8,1.0,1.0,1.0,1.0
10,1,9,1.0,1.0,1.0,1.0
10,1,10,1.0,1.0,1.0,1.0
10,1,11,1.0,1.0,1.0,1.0
10,1,12,1.0,1.0,1.0,1.0
10,1,13,1.0,1.0,1.0,1.0
10,1,14,1.0,1.0,1.0,1.0
10,1,15,1.0,1.0,1.0,1.0
10,1,16,1.0,1.0,1.0,1.0
10,1,17,1.0,1.0,1.0,1.0
10,1,18,1.0,1.0,1.0,1.0
10,1,19,1.0,1.0,1.0,1.0
10,1,20,1.0,1.0,1.0,1.0
10,1,21,1.0,1.0,1.0,1.0
10,1,22,1.0,1.0,1.0,1.0
10,1,23,1.0,1.0,1.0,1.0
10,1,24,1.0,1.0,1.0,1.0
10,2,0,1.0,1.0,1.0,1.0
10,2,1,1.0,1.0,1.0,1.0
10,2,2,1.0,1.0,1.0,1.0
10,2,3,1.0,1.0,1.0,1.0
10,2,4,1.0,1.0,1.0,1.0
10,2,5,1.0,1.0,1.0,1.0
10,2,6,1.0,1.0,1.0,1.0
10,2,7,1.0,1.0,1.0,1.0
10,2,8,1.0,1.0,1.0,1.0
10,2,9,1.0,1.0,1.0,1.0
10,2,10,1.0,1.0,1.0,1.0
10,2,11,1.0,1.0,1.0,1.0
10,2,12,1.0,1.0,1.0,1.0
10,2,13,1.0,1.0,1.0,1.0
10,2,14,1.0,1.0,1.0,1.0
10,2,15,1.0,1.0,1.0,1.0
10,2,16,1.0,1.0,1.0,1.0
10,2,17,1.0,1.0,1.0,1.0
10,2,18,1.0,1.0,1.0,1.0
10,2,19,1.0,1.0,1.0,1.0
10,2,20,1.0,1.0,1.0,1.0
10,2,21,1.0,1.0,1.0,1.0
10,2,22,1.0,1.0,1.0,1.0
10,2,23,1.0,1.0,1.0,1.0
10,2,24,1.0,1.0,1.0,1.0
10,3,0,1.0,1.0,1.0,1.0
10,3,1,1.0,1.0,1.0,1.0
10,3,2,1.0,1.0,1.0,1.0
10,3,3,1.0,1.0,1.0,1.0
10,3,4,1.0,1.0,1.0,1.0
10,3,5,1.0,1.0,1.0,1.0
10,3,6,1.0,1.0,1.0,1.0
10,3,7,1.0,1.0,1.0,1.0
10,3,8,1.0,1.0,1.0,1.0
10,3,9,1.0,1.0,1.0,1.0
10,3,10,1.0,1.0,1.0,1.0
10,3,11,1.0,1.0,1.0,1.0
10,3,12,1.0,1.0,1.0,1.0
10,3,13,1.0,1.0,1.0,1.0
10,3,14,1.0,1.0,1.0,1.0
10,3,15,1.0,1.0,1.0,1.0
10,3,16,1.0,1.0,1.0,1.0
10,3,17,1.0,1.0,1.0,1.0
10,3,18,1.0,1.0,1.0,1.0
10,3,19,1.0,1.0,1.0,1.0
10,3,20,1.0,1.0,1.0,1.0
10,3,21,1.0,1.0,1.0,1.0
10,3,22,1.0,1.0,1.0,1.0
10,3,23,1.0,1.0,1.0,1.0
10,3,24,1.0,1.0,1.0,1.0
10,4,0,1.0,1.0,1.0,1.0
10,4,1,1.0,1.0,1.0,1.0
10,4,2,1.0,1.0,1.0,1.0
10,4,3,1.0,1.0,1.0,1.0
10,4,4,1.0,1.0,1.0,1.0
10,4,5,1.0,1.0,1.0,1.0
10,4,6,1.0,1.0,1.0,1.0
10,4,7,1.0,1.0,1.0,1.0
10,4,8,1.0,1.0,1.0,1.0
10,4,9,1.0,1.0,1.0,1.0
10,4,10,1.0,1.0,1.0,1.0
10,4,11,1.0,1.0,1.0,1.0
10,4,12,1.0,1.0,1.0,1.0
10,4,13,1.0,1.0,1.0,1.0
10,4,14,1.0,1.0,1.0,1.0
10,4,15,1.0,1.0,1.0,1.0
10,4,16,1.0,1.0,1.0,1.0
10,4,17,1.0,1.0,1.0,1.0
10,4,18,1.0,1.0,1.0,1.0
10,4,19,1.0,1.0,1.0,1.0
10,4,20,1.0,1.0,1.0,1.0
10,4,21,1.0,1.0,1.0,1.0
10,4,22,1.0,1.0,1.0,1.0
10,4,23,1.0,1.0,1.0,1.0
10,4,24,1.0,1.0,1.0,1.0
10,5,0,1.0,1.0,1.0,1.0
10,5,1,1.0,1.0,1.0,1.0
10,5,2,1.0,1.0,1.0,1.0
10,5,3,1.0,1.0,1.0,1.0
10,5,4,1.0,1.0,1.0,1.0
10,5,5,1.0,1.0,1.0,1.0
10,5,6,1.0,1.0,1.0,1.0
10,5,7,1.0,1.0,1.0,1.0
10,5,8,1.0,1.0,1.0,1.0
10,5,9,1.0,1.0,1.0,1.0
10,5,10,1.0,1.0,1.0,1.0
10,5,11,1.0,1.0,1.0,1.0
10,5,12,1.0,1.0,1.0,1.0
10,5,13,1.0,1.0,1.0,1.0
10,5,14,1.0,1.0,1.0,1.0
10,5,15,1.0,1.0,1.0,1.0
10,5,16,1.0,1.0,1.0,1.0
10,5,17,1.0,1.0,1.0,1.0
10,5,18,1.0,1.0,1.0,1.0
10,5,19,1.0,1.0,1.0,1.0
10,5,20,1.0,1.0,1.0,1.0
10,5,21,1.0,1.0,1.0,1.0
10,5,22,1.0,1.0,1.0,1.0
10,5,23,1.0,1.0,1.0,1.0
10,5,24,1.0,1.0,1.0,1.0
10,6,0,1.0,1.0,1.0,1.0
10,6,1,1.0,1.0,1.0,1.0
10,6,2,1.0,1.0,1.0,1.0
10,6,3,1.0,1.0,1.0,1.0
10,6,4,1.0,1.0,1.0,1.0
10,6,5,1.0,1.0,1.0,1.0
10,6,6,1.0,1.0,1.0,1.0
10,6,7,1.0,1.0,1.0,1.0
10,6,8,1.0,1.0,1.0,1.0
10,6,9,1.0,1.0,1.0,1.0
10,6,10,1.0,1.0,1.0,1.0
10,6,11,1.0,1.0,1.0,1.0
10,6,12,1.0,1.0,1.0,1.0
10,6,13,1.0,1.0,1.0,1.0
10,6,14,1.0,1.0,1.0,1.0
10,6,15,1.0,1.0,1.0,1.0
10,6,16,1.0,1.0,1.0,1.0
10,6,17,1.0,1.0,1.0,1.0
10,6,18,1.0,1.0,1.0,1.0
10,6,19,1.0,1.0,1.0,1.0
10,6,20,1.0,1.0,1.0,1.0
10,6,21,1.0,1.0,1.0,1.0
10,6,22,1.0,1.0,1.0,1.0
10,6,23,1.0,1.0,1.0,1.0
10,6,24,1.0,1.0,1.0,1.0
10,7,0,1.0,1.0,1.0,1.0
10,7,1,1.0,1.0,1.0,1.0
10,7,2,1.0,1.0,1.0,1.0
10,7,3,1.0,1.0,1.0,1.0
10,7,4,1.0,1.0,1.0,1.0
10,7,5,1.0,1.0,1.0,1.0
10,7,6,1.0,1.0,1.0,1.0
10,7,7,1.0,1.0,1.0,1.0
10,7,8,1.0,1.0,1.0,1.0
10,7,9,1.0,1.0,1.0,1.0
10,7,10,1.0,1.0,1.0,1.0
10,7,11,1.0,1.0,1.0,1.0
10,7,12,1.0,1.0,1.0,1.0
10,7,13,1.0,1.0,1.0,1.0
10,7,14,1.0,1.0,1.0,1.0
10,7,15,1.0,1.0,1.0,1.0
10,7,16,1.0,1.0,1.0,1.0
10,7,17,1.0,1.0,1.0,1.0
10,7,18,1.0,1.0,1.0,1.0
10,7,19,1.0,1.0,1.0,1.0
10,7,20,1.0,1.0,1.0,1.0
10,7,21,1.0,1.0,1.0,1.0
10,7,22,1.0,1.0,1.0,1.0
10,7,23,1.0,1.0,1.0,1.0
10,7,24,1.0,1.0,1.0,1.0
10,8,0,1.0,1.0,1.0,1.0
10,8,1,1.0,1.0,1.0,1.0
10,8,2,1.0,1.0,1.0,1.0
10,8,3,1.0,1.0,1.0,1.0
10,8,4,1.0,1.0,1.0,1.0
10,8,5,1.0,1.0,1.0,1.0
10,8,6,1.0,1.0,1.0,1.0
10,8,7,1.0,1.0,1.0,1.0
10,8,8,1.0,1.0,1.0,1.0
10,8,9,1.0,1.0,1.0,1.0
10,8,10,1.0,1.0,1.0,1.0
10,8,11,1.0,1.0,1.0,1.0
10,8,12,1.0,1.0,1.0,1.0
10,8,13,1.0,1.0,1.0,1.0
10,8,14,1.0,1.0,1.0,1.0
10,8,15,1.0,1.0,1.0,1.0
10,8,16,1.0,1.0,1.0,1.0
10,8,17,1.0,1.0,1.0,1.0
10,8,18,1.0,1.0,1.0,1.0
10,8,19,1.0,1.0,1.0,1.0
10,8,20,1.0,1.0,1.0,1.0
10,8,21,1.0,1.0,1.0,1.0
10,8,22,1.0,1.0,1.0,1.0
10,8,23,1.0,1.0,1.0,1.0
10,8,24,1.0,1.0,1.0,1.0
10,9,0,1.0,1.0,1.0,1.0
10,9,1,1.0,1.0,1.0,1.0
10,9,2,1.0,1.0,1.0,1.0
10,9,3,1.0,1.0,1.0,1.0
10,9,4,1.0,1.0,1.0,1.0
10,9,5,1.0,1.0,1.0,1.0
10,9,6,1.0,1.0,1.0,1.0
10,9,7,1.0,1.0,1.0,1.0
10,9,8,1.0,1.0,1.0,1.0
10,9,9,1.0,1.0,1.0,1.0
10,9,10,1.0,1.0,1.0,1.0
10,9,11,1.0,1.0,1.0,1.0
10,9,12,1.0,1.0,1.0,1.0
10,9,13,1.0,1.0,1.0,1.0
10,9,14,1.0,1.0,1.0,1.0
10,9,15,1.0,1.0,1.0,1.0
10,9,16,1.0,1.0,1.0,1.0
10,9,17,1.0,1.0,1.0,1.0
10,9,18,1.0,1.0,1.0,1.0
10,9,19,1.0,1.0,1.0,1.0
10,9,20,1.0,1.0,1.0,1.0
10,9,21,1.0,1.0,1.0,1.0
10,9,22,1.0,1.0,1.0,1.0
10,9,23,1.0,1.0,1.0,1.0
10,9,24,1.0,1.0,1.0,1.0
10,10,0,1.0,1.0,1.0,1.0
10,10,1,1.0,1.0,1.0,1.0
10,10,2,1.0,1.0,1.0,1.0
10,10,3,1.0,1.0,1.0,1.0
10,10,4,1.0,1.0,1.0,1.0
10,10,5,1.0,1.0,1.0,1.0
10,10,6,1.0,1.0,1.0,1.0
10,10,7,1.0,1.0,1.0,1.0
10,10,8,1.0,1.0,1.0,1.0
10,10,9,1.0,1.0,1.0,1.0
10,10,10,1.0,1.0,1.0,1.0
10,10,11,1.0,1.0,1.0,1.0
10,10,12,1.0,1.0,1.0,1.0
10,10,13,1.0,1.0,1.0,1.0
10,10,14,1.0,1.0,1.0,1.0
10,10,15,1.0,1.0,1.0,1.0
10,10,16,1.0,1.0,1.0,1.0
10,10,17,1.0,1.0,1.0,1.0
10,10,18,1.0,1.0,1.0,1.0
10,10,19,1.0,1.0,1.0,1.0
10,10,20,1.0,1.0,1.0,1.0
10,10,21,1.0,1.0,1.0,1.0
10,10,22,1.0,1.0,1.0,1.0
10,10,23,1.0,1.0,1.0,1.0
10,10,24,1.0,1.0,1.0,1.0
10,11,0,1.0,1.0,1.0,1.0
10,11,1,1.0,1.0,1.0,1.0
10,11,2,1.0,1.0,1.0,1.0
10,11,3,1.0,1.0,1.0,1.0
10,11,4,1.0,1.0,1.0,1.0
10,11,5,1.0,1.0,1.0,1.0
10,11,6,1.0,1.0,1.0,1.0
10,11,7,1.0,1.0,1.0,1.0
10,11,8,1.0,1.0,1.0,1.0
10,11,9,1.0,1.0,1.0,1.0
10,11,10,1.0,1.0,1.0,1.0
10,11,11,1.0,1.0,1.0,1.0
10,11,12,1.0,1.0,1.0,1.0
10,11,13,1.0,1.0,1.0,1.0
10,11,14,1.0,1.0,1.0,1.0
10,11,15,1.0,1.0,1.0,1.0
10,11,16,1.0,1.0,1.0,1.0
10,11,17,1.0,1.0,1.0,1.0
10,11,18,1.0,1.0,1.0,1.0
10,11,19,1.0,1.0,1.0,1.0
10,11,20,1.0,1.0,1.0,1.0
10,11,21,1.0,1.0,1.0,1.0
10,11,22,1.0,1.0,1.0,1.0
10,11,23,1.0,1.0,1.0,1.0
10,11,24,1.0,1.0,1.0,1.0
10,12,0,1.0,1.0,1.0,1.0
10,12,1,1.0,1.0,1.0,1.0
10,12,2,1.0,1.0,1.0,1.0
10,12,3,1.0,1.0,1.0,1.0
10,12,4,1.0,1.0,1.0,1.0
10,12,5,1.0,1.0,1.0,1.0
10,12,6,1.0,1.0,1.0,1.0
10,12,7,1.0,1.0,1.0,1.0
10,12,8,1.0,1.0,1.0,1.0
10,12,9,1.0,1.0,1.0,1.0
10,12,10,1.0,1.0,1.0,1.0
10,12,11,1.0,1.0,1.0,1.0
10,12,12,1.0,1.0,1.0,1.0
10,12,13,1.0,1.0,1.0,1.0
10,12,14,1.0,1.0,1.0,1.0
10,12,15,1.0,1.0,1.0,1.0
10,12,16,1.0,1.0,1.0,1.0
10,12,17,1.0,1.0,1.0,1.0
10,12,18,1.0,1.0,1.0,1.0
10,12,19,1.0,1.0,1.0,1.0
10,12,20,1.0,1.0,1.0,1.0
10,12,21,1.0,1.0,1.0,1.0
10,12,22,1.0,1.0,1.0,1.0
10,12,23,1.0,1.0,1.0,1.0
10,12,24,1.0,1.0,1.0,1.0
10,13,0,1.0,1.0,1.0,1.0
10,13,1,1.0,1.0,1.0,1.0
10,13,2,1.0,1.0,1.0,1.0
10,13,3,1.0,1.0,1.0,1.0
10,13,4,1.0,1.0,1.0,1.0
10,13,5,1.0,1.0,1.0,1.0
10,13,6,1.0,1.0,1.0,1.0
10,13,7,1.0,1.0,1.0,1.0
10,13,8,1.0,1.0,1.0,1.0
10,13,9,1.0,1.0,1.0,1.0
10,13,10,1.0,1.0,1.0,1.0
10,13,11,1.0,1.0,1.0,1.0
10,13,12,1.0,1.0,1.0,1.0
10,13,13,1.0,1.0,1.0,1.0
10,13,14,1.0,1.0,1.0,1.0
10,13,15,1.0,1.0,1.0,1.0
10,13,16,1.0,1.0,1.0,1.0
10,13,17,1.0,1.0,1.0,1.0
10,13,18,1.0,1.0,1.0,1.0
10,13,19,1.0,1.0,1.0,1.0
10,13,20,1.0,1.0,1.0,1.0
10,13,21,1.0,1.0,1.0,1.0
10,13,22,1.0,1.0,1.0,1.0
10,13,23,1.0,1.0,1.0,1.0
10,13,24,1.0,1.0,1.0,1.0
10,14,0,1.0,1.0,1.0,1.0
10,14,1,1.0,1.0,1.0,1.0
10,14,2,1.0,1.0,1.0,1.0
10,14,3,1.0,1.0,1.0,1.0
10,14,4,1.0,1.0,1.0,1.0
10,14,5,1.0,1.0,1.0,1.0
10,14,6,1.0,1.0,1.0,1.0
10,14,7,1.0,1.0,1.0,1.0
10,14,8,1.0,1.0,1.0,1.0
10,14,9,1.0,1.0,1.0,1.0
10,14,10,1.0,1.0,1.0,1.0
10,14,11,1.0,1.0,1.0,1.0
10,14,12,1.0,1.0,1.0,1.0
10,14,13,1.0,1.0,1.0,1.0
10,14,14,1.0,1.0,1.0,1.0
10,14,15,1.0,1.0,1.0,1.0
10,14,16,1.0,1.0,1.0,1.0
10,14,17,1.0,1.0,1.0,1.0
10,14,18,1.0,1.0,1.0,1.0
10,14,19,1.0,1.0,1.0,1.0
10,14,20,1.0,1.0,1.0,1.0
10,14,21,1.0,1.0,1.0,1.0
10,14,22,1.0,1.0,1.0,1.0
10,14,23,1.0,1.0,1.0,1.0
10,14,24,1.0,1.0,1.0,1.0
10,15,0,1.0,1.0,1.0,1.0
10,15,1,1.0,1.0,1.0,1.0
10,15,2,1.0,1.0,1.0,1.0
10,15,3,1.0,1.0,1.0,1.0
10,15,4,1.0,1.0,1.0,1.0
10,15,5,1.0,1.0,1.0,1.0
10,15,6,1.0,1.0,1.0,1.0
10,15,7,1.0,1.0,1.0,1.0
10,15,8,1.0,1.0,1.0,1.0
10,15,9,1.0,1.0,1.0,1.0
10,15,10,1.0,1.0,1.0,1.0
10,15,11,1.0,1.0,1.0,1.0
10,15,12,1.0,1.0,1.0,1.0
10,15,13,1.0,1.0,1.0,1.0
10,15,14,1.0,1.0,1.0,1.0
10,15,15,1.0,1.0,1.0,1.0
10,15,16,1.0,1.0,1.0,1.0
10,15,17,1.0,1.0,1.0,1.0
10,15,18,1.0,1.0,1.0,1.0
10,15,19,1.0,1.0,1.0,1.0
10,15,20,1.0,1.0,1.0,1.0
10,15,21,1.0,1.0,1.0,1.0
10,15,22,1.0,1.0,1.0,1.0
10,15,23,1.0,1.0,1.0,1.0
10,15,24,1.0,1.0,1.0,1.0
10,16,0,1.0,1.0,1.0,1.0
10,16,1,1.0,1.0,1.0,1.0
10,16,2,1.0,1.0,1.0,1.0
10,16,3,1.0,1.0,1.0,1.0
10,16,4,1.0,1.0,1.0,1.0
10,16,5,1.0,1.0,1.0,1.0
10,16,6,1.0,1.0,1.0,1.0
10,16,7,1.0,1.0,1.0,1.0
10,16,8,1.0,1.0,1.0,1.0
10,16,9,1.0,1.0,1.0,1.0
10,16,10,1.0,1.0,1.0,1.0
10,16,11,1.0,1.0,1.0,1.0
10,16,12,1.0,1.0,1.0,1.0
10,16,13,1.0,1.0,1.0,1.0
10,16,14,1.0,1.0,1.0,1.0
10,16,15,1.0,1.0,1.0,1.0
10,16,16,1.0,1.0,1.0,1.0
10,16,17,1.0,1.0,1.0,1.0
10,16,18,1.0,1.0,1.0,1.0
10,16,19,1.0,1.0,1.0,1.0
10,16,20,1.0,1.0,1.0,1.0
10,16,21,1.0,1.0,1.0,1.0
10,16,22,1.0,1.0,1.0,1.0
10,16,23,1.0,1.0,1.0,1.0
10,16,24,1.0,1.0,1.0,1.0
10,17,0,1.0,1.0,1.0,1.0
10,17,1,1.0,1.0,1.0,1.0
10,17,2,1.0,1.0,1.0,1.0
10,17,3,1.0,1.0,1.0,1.0
10,17,4,1.0,1.0,1.0,1.0
10,17,5,1.0,1.0,1.0,1.0
10,17,6,1.0,1.0,1.0,1.0
10,17,7,1.0,1.0,1.0,1.0
10,17,8,1.0,1.0,1.0,1.0
10,17,9,1.0,1.0,1.0,1.0
10,17,10,1.0,1.0,1.0,1.0
10,17,11,1.0,1.0,1.0,1.0
10,17,12,1.0,1.0,1.0,1.0
10,17,13,1.0,1.0,1.0,1.0
10,17,14,1.0,1.0,1.0,1.0
10,17,15,1.0,1.0,1.0,1.0
10,17,16,1.0,1.0,1.0,1.0
10,17,17,1.0,1.0,1.0,1.0
10,17,18,1.0,1.0,1.0,1.0
10,17,19,1.0,1.0,1.0,1.0
10,17,20,1.0,1.0,1.0,1.0
10,17,21,1.0,1.0,1.0,1.0
10,17,22,1.0,1.0,1.0,1.0
10,17,23,1.0,1.0,1.0,1.0
10,17,24,1.0,1.0,1.0,1.0
10,18,0,1.0,1.0,1.0,1.0
10,18,1,1.0,1.0,1.0,1.0
10,18,2,1.0,1.0,1.0,1.0
10,18,3,1.0,1.0,1.0,1.0
10,18,4,1.0,1.0,1.0,1.0
10,18,5,1.0,1.0,1.0,1.0
10,18,6,1.0,1.0,1.0,1.0
10,18,7,1.0,1.0,1.0,1.0
10,18,8,1.0,1.0,1.0,1.0
10,18,9,1.0,1.0,1.0,1.0
10,18,10,1.0,1.0,1.0,1.0
10,18,11,1.0,1.0,1.0,1.0
10,18,12,1.0,1.0,1.0,1.0
10,18,13,1.0,1.0,1.0,1.0
10,18,14,1.0,1.0,1.0,1.0
10,18,15,1.0,1.0,1.0,1.0
10,18,16,1.0,1.0,1.0,1.0
10,18,17,1.0,1.0,1.0,1.0
10,18,18,1.0,1.0,1.0,1.0
10,18,19,1.0,1.0,1.0,1.0
10,18,20,1.0,1.0,1.0,1.0
10,18,21,1.0,1.0,1.0,1.0
10,18,22,1.0,1.0,1.0,1.0
10,18,23,1.0,1.0,1.0,1.0
10,18,24,1.0,1.0,1.0,1.0
10,19,0,1.0,1.0,1.0,1.0
10,19,1,1.0,1.0,1.0,1.0
10,19,2,1.0,1.0,1.0,1.0
10,19,3,1.0,1.0,1.0,1.0
10,19,4,1.0,1.0,1.0,1.0
10,19,5,1.0,1.0,1.0,1.0
10,19,6,1.0,1.0,1.0,1.0
10,19,7,1.0,1.0,1.0,1.0
10,19,8,1.0,1.0,1.0,1.0
10,19,9,1.0,1.0,1.0,1.0
10,19,10,1.0,1.0,1.0,1.0
10,19,11,1.0,1.0,1.0,1.0
10,19,12,1.0,1.0,1.0,1.0
10,19,13,1.0,1.0,1.0,1.0
10,19,14,1.0,1.0,1.0,1.0
10,19,15,1.0,1.0,1.0,1.0
10,19,16,1.0,1.0,1.0,1.0
10,19,17,1.0,1.0,1.0,1.0
10,19,18,1.0,1.0,1.0,1.0
10,19,19,1.0,1.0,1.0,1.0
10,19,20,1.0,1.0,1.0,1.0
10,19,21,1.0,1.0,1.0,1.0
10,19,22,1.0,1.0,1.0,1.0
10,19,23,1.0,1.0,1.0,1.0
10,19,24,1.0,1.0,1.0,1.0
15,0,0,1.0,1.0,1.0,1.0
15,0,1,1.0,1.0,1.0,1.0
15,0,2,1.0,1.0,1.0,1.0
15,0,3,1.0,1.0,1.0,1.0
15,0,4,1.0,1.0,1.0,1.0
15,0,5,1.0,1.0,1.0,1.0
15,0,6,1.0,1.0,1.0,1.0
15,0,7,1.0,1.0,1.0,1.0
15,0,8,1.0,1.0,1.0,1.0
15,0,9,1.0,1.0,1.0,1.0
15,0,10,1.0,1.0,1.0,1.0
15,0,11,1.0,1.0,1.0,1.0
15,0,12,1.0,1.0,1.0,1.0
15,0,13,1.0,1.0,1.0,1.0
15,0,14,1.0,1.0,1.0,1.0
15,0,15,1.0,1.0,1.0,1.0
15,0,16,1.0,1.0,1.0,1.0
15,0,17,1.0,1.0,1.0,1.0
15,0,18,1.0,1.0,1.0,1.0
15,0,19,1.0,1.0,1.0,1.0
15,0,20,1.0,1.0,1.0,1.0
15,0,21,1.0,1.0,1.0,1.0
15,0,22,1.0,1.0,1.0,1.0
15,0,23,1.0,1.0,1.0,1.0
15,0,24,1.0,1.0,1.0,1.0
15,1,0,1.0,1.0,1.0,1.0
15,1,1,1.0,1.0,1.0,1.0
15,1,2,1.0,1.0,1.0,1.0
15,1,3,1.0,1.0,1.0,1.0
15,1,4,1.0,1.0,1.0,1.0
15,1,5,1.0,1.0,1.0,1.0
15,1,6,1.0,1.0,1.0,1.0
15,1,7,1.0,1.0,1.0,1.0
15,1,8,1.0,1.0,1.0,1.0
15,1,9,1.0,1.0,1.0,1.0
15,1,10,1.0,1.0,1.0,1.0
15,1,11,1.0,1.0,1.0,1.0
15,1,12,1.0,1.0,1.0,1.0
15,1,13,1.0,1.0,1.0,1.0
15,1,14,1.0,1.0,1.0,1.0
15,1,15,1.0,1.0,1.0,1.0
15,1,16,1.0,1.0,1.0,1.0
15,1,17,1.0,1.0,1.0,1.0
15,1,18,1.0,1.0,1.0,1.0
15,1,19,1.0,1.0,1.0,1.0
15,1,20,1.0,1.0,1.0,1.0
15,1,21,1.0,1.0,1.0,1.0
15,1,22,1.0,1.0,1.0,1.0
15,1,23,1.0,1.0,1.0,1.0
15,1,24,1.0,1.0,1.0,1.0
15,2,0,1.0,1.0,1.0,1.0
15,2,1,1.0,1.0,1.0,1.0
15,2,2,1.0,1.0,1.0,1.0
15,2,3,1.0,1.0,1.0,1.0
15,2,4,1.0,1.0,1.0,1.0
15,2,5,1.0,1.0,1.0,1.0
15,2,6,1.0,1.0,1.0,1.0
15,2,7,1.0,1.0,1.0,1.0
15,2,8,1.0,1.0,1.0,1.0
15,2,9,1.0,1.0,1.0,1.0
15,2,10,1.0,1.0,1.0,1.0
15,2,11,1.0,1.0,1.0,1.0
15,2,12,1.0,1.0,1.0,1.0
15,2,13,1.0,1.0,1.0,1.0
15,2,14,1.0,1.0,1.0,1.0
15,2,15,1.0,1.0,1.0,1.0
15,2,16,1.0,1.0,1.0,1.0
15,2,17,1.0,1.0,1.0,1.0
15,2,18,1.0,1.0,1.0,1.0
15,2,19,1.0,1.0,1.0,1.0
15,2,20,1.0,1.0,1.0,1.0
15,2,21,1.0,1.0,1.0,1.0
15,2,22,1.0,1.0,1.0,1.0
15,2,23,1.0,1.0,1.0,1.0
15,2,24,1.0,1.0,1.0,1.0
15,3,0,1.0,1.0,1.0,1.0
15,3,1,1.0,1.0,1.0,1.0
15,3,2,1.0,1.0,1.0,1.0
15,3,3,1.0,1.0,1.0,1.0
15,3,4,1.0,1.0,1.0,1.0
15,3,5,1.0,1.0,1.0,1.0
15,3,6,1.0,1.0,1.0,1.0
15,3,7,1.0,1.0,1.0,1.0
15,3,8,1.0,1.0,1.0,1.0
15,3,9,1.0,1.0,1.0,1.0
15,3,10,1.0,1.0,1.0,1.0
15,3,11,1.0,1.0,1.0,1.0
15,3,12,1.0,1.0,1.0,1.0
15,3,13,1.0,1.0,1.0,1.0
15,3,14,1.0,1.0,1.0,1.0
15,3,15,1.0,1.0,1.0,1.0
15,3,16,1.0,1.0,1.0,1.0
15,3,17,1.0,1.0,1.0,1.0
15,3,18,1.0,1.0,1.0,1.0
15,3,19,1.0,1.0,1.0,1.0
15,3,20,1.0,1.0,1.0,1.0
15,3,21,1.0,1.0,1.0,1.0
15,3,22,1.0,1.0,1.0,1.0
15,3,23,1.0,1.0,1.0,1.0
15,3,24,1.0,1.0,1.0,1.0
15,4,0,1.0,1.0,1.0,1.0
15,4,1,1.0,1.0,1.0,1.0
15,4,2,1.0,1.0,1.0,1.0
15,4,3,1.0,1.0,1.0,1.0
15,4,4,1.0,1.0,1.0,1.0
15,4,5,1.0,1.0,1.0,1.0
15,4,6,1.0,1.0,1.0,1.0
15,4,7,1.0,1.0,1.0,1.0
15,4,8,1.0,1.0,1.0,1.0
15,4,9,1.0,1.0,1.0,1.0
15,4,10,1.0,1.0,1.0,1.0
15,4,11,1.0,1.0,1.0,1.0
15,4,12,1.0,1.0,1.0,1.0
15,4,13,1.0,1.0,1.0,1.0
15,4,14,1.0,1.0,1.0,1.0
15,4,15,1.0,1.0,1.0,1.0
15,4,16,1.0,1.0,1.0,1.0
15,4,17,1.0,1.0,1.0,1.0
15,4,18,1.0,1.0,1.0,1.0
15,4,19,1.0,1.0,1.0,1.0
15,4,20,1.0,1.0,1.0,1.0
15,4,21,1.0,1.0,1.0,1.0
15,4,22,1.0,1.0,1.0,1.0
15,4,23,1.0,1.0,1.0,1.0
15,4,24,1.0,1.0,1.0,1.0
15,5,0,1.0,1.0,1.0,1.0
15,5,1,1.0,1.0,1.0,1.0
15,5,2,1.0,1.0,1.0,1.0
15,5,3,1.0,1.0,1.0,1.0
15,5,4,1.0,1.0,1.0,1.0
15,5,5,1.0,1.0,1.0,1.0
15,5,6,1.0,1.0,1.0,1.0
15,5,7,1.0,1.0,1.0,1.0
15,5,8,1.0,1.0,1.0,1.0
15,5,9,1.0,1.0,1.0,1.0
15,5,10,1.0,1.0,1.0,1.0
15,5,11,1.0,1.0,1.0,1.0
15,5,12,1.0,1.0,1.0,1.0
15,5,13,1.0,1.0,1.0,1.0
15,5,14,1.0,1.0,1.0,1.0
15,5,15,1.0,1.0,1.0,1.0
15,5,16,1.0,1.0,1.0,1.0
15,5,17,1.0,1.0,1.0,1.0
15,5,18,1.0,1.0,1.0,1.0
15,5,19,1.0,1.0,1.0,1.0
15,5,20,1.0,1.0,1.0,1.0
15,5,21,1.0,1.0,1.0,1.0
15,5,22,1.0,1.0,1.0,1.0
15,5,23,1.0,1.0,1.0,1.0
15,5,24,1.0,1.0,1.0,1.0
15,6,0,1.0,1.0,1.0,1.0
15,6,1,1.0,1.0,1.0,1.0
15,6,2,1.0,1.0,1.0,1.0
15,6,3,1.0,1.0,1.0,1.0
15,6,4,1.0,1.0,1.0,1.0
15,6,5,1.0,1.0,1.0,1.0
15,6,6,1.0,1.0,1.0,1.0
15,6,7,1.0,1.0,1.0,1.0
15,6,8,1.0,1.0,1.0,1.0
15,6,9,1.0,1.0,1.0,1.0
15,6,10,1.0,1.0,1.0,1.0
15,6,11,1.0,1.0,1.0,1.0
15,6,12,1.0,1.0,1.0,1.0
15,6,13,1.0,1.0,1.0,1.0
15,6,14,1.0,1.0,1.0,1.0
15,6,15,1.0,1.0,1.0,1.0
15,6,16,1.0,1.0,1.0,1.0
15,6,17,1.0,1.0,1.0,1.0
15,6,18,1.0,1.0,1.0,1.0
15,6,19,1.0,1.0,1.0,1.0
15,6,20,1.0,1.0,1.0,1.0
15,6,21,1.0,1.0,1.0,1.0
15,6,22,1.0,1.0,1.0,1.0
15,6,23,1.0,1.0,1.0,1.0
15,6,24,1.0,1.0,1.0,1.0
15,7,0,1.0,1.0,1.0,1.0
15,7,1,1.0,1.0,1.0,1.0
15,7,2,1.0,1.0,1.0,1.0
15,7,3,1.0,1.0,1.0,1.0
15,7,4,1.0,1.0,1.0,1.0
15,7,5,1.0,1.0,1.0,1.0
15,7,6,1.0,1.0,1.0,1.0
15,7,7,1.0,1.0,1.0,1.0
15,7,8,1.0,1.0,1.0,1.0
15,7,9,1.0,1.0,1.0,1.0
15,7,10,1.0,1.0,1.0,1.0
15,7,11,1.0,1.0,1.0,1.0
15,7,12,1.0,1.0,1.0,1.0
15,7,13,1.0,1.0,1.0,1.0
15,7,14,1.0,1.0,1.0,1.0
15,7,15,1.0,1.0,1.0,1.0
15,7,16,1.0,1.0,1.0,1.0
15,7,17,1.0,1.0,1.0,1.0
15,7,18,1.0,1.0,1.0,1.0
15,7,19,1.0,1.0,1.0,1.0
15,7,20,1.0,1.0,1.0,1.0
15,7,21,1.0,1.0,1.0,1.0
15,7,22,1.0,1.0,1.0,1.0
15,7,23,1.0,1.0,1.0,1.0
15,7,24,1.0,1.0,1.0,1.0
15,8,0,1.0,1.0,1.0,1.0
15,8,1,1.0,1.0,1.0,1.0
15,8,2,1.0,1.0,1.0,1.0
15,8,3,1.0,1.0,1.0,1.0
15,8,4,1.0,1.0,1.0,1.0
15,8,5,1.0,1.0,1.0,1.0
15,8,6,1.0,1.0,1.0,1.0
15,8,7,1.0,1.0,1.0,1.0
15,8,8,1.0,1.0,1.0,1.0
15,8,9,1.0,1.0,1.0,1.0
15,8,10,1.0,1.0,1.0,1.0
15,8,11,1.0,1.0,1.0,1.0
15,8,12,1.0,1.0,1.0,1.0
15,8,13,1.0,1.0,1.0,1.0
15,8,14,1.0,1.0,1.0,1.0
15,8,15,1.0,1.0,1.0,1.0
15,8,16,1.0,1.0,1.0,1.0
15,8,17,1.0,1.0,1.0,1.0
15,8,18,1.0,1.0,1.0,1.0
15,8,19,1.0,1.0,1.0,1.0
15,8,20,1.0,1.0,1.0,1.0
15,8,21,1.0,1.0,1.0,1.0
15,8,22,1.0,1.0,1.0,1.0
15,8,23,1.0,1.0,1.0,1.0
15,8,24,1.0,1.0,1.0,1.0
15,9,0,1.0,1.0,1.0,1.0
15,9,1,1.0,1.0,1.0,1.0
15,9,2,1.0,1.0,1.0,1.0
15,9,3,1.0,1.0,1.0,1.0
15,9,4,1.0,1.0,1.0,1.0
15,9,5,1.0,1.0,1.0,1.0
15,9,6,1.0,1.0,1.0,1.0
15,9,7,1.0,1.0,1.0,1.0
15,9,8,1.0,1.0,1.0,1.0
15,9,9,1.0,1.0,1.0,1.0
15,9,10,1.0,1.0,1.0,1.0
15,9,11,1.0,1.0,1.0,1.0
15,9,12,1.0,1.0,1.0,1.0
15,9,13,1.0,1.0,1.0,1.0
15,9,14,1.0,1.0,1.0,1.0
15,9,15,1.0,1.0,1.0,1.0
15,9,16,1.0,1.0,1.0,1.0
15,9,17,1.0,1.0,1.0,1.0
15,9,18,1.0,1.0,1.0,1.0
15,9,19,1.0,1.0,1.0,1.0
15,9,20,1.0,1.0,1.0,1.0
15,9,21,1.0,1.0,1.0,1.0
15,9,22,1.0,1.0,1.0,1.0
15,9,23,1.0,1.0,1.0,1.0
15,9,24,1.0,1.0,1.0,1.0
15,10,0,1.0,1.0,1.0,1.0
15,10,1,1.0,1.0,1.0,1.0
15,10,2,1.0,1.0,1.0,1.0
15,10,3,1.0,1.0,1.0,1.0
15,10,4,1.0,1.0,1.0,1.0
15,10,5,1.0,1.0,1.0,1.0
15,10,6,1.0,1.0,1.0,1.0
15,10,7,1.0,1.0,1.0,1.0
15,10,8,1.0,1.0,1.0,1.0
15,10,9,1.0,1.0,1.0,1.0
15,10,10,1.0,1.0,1.0,1.0
15,10,11,1.0,1.0,1.0,1.0
15,10,12,1.0,1.0,1.0,1.0
15,10,13,1.0,1.0,1.0,1.0
15,10,14,1.0,1.0,1.0,1.0
15,10,15,1.0,1.0,1.0,1.0
15,10,16,1.0,1.0,1.0,1.0
15,10,17,1.0,1.0,1.0,1.0
15,10,18,1.0,1.0,1.0,1.0
15,10,19,1.0,1.0,1.0,1.0
15,10,20,1.0,1.0,1.0,1.0
15,10,21,1.0,1.0,1.0,1.0
15,10,22,1.0,1.0,1.0,1.0
15,10,23,1.0,1.0,1.0,1.0
15,10,24,1.0,1.0,1.0,1.0
15,11,0,1.0,1.0,1.0,1.0
15,11,1,1.0,1.0,1.0,1.0
15,11,2,1.0,1.0,1.0,1.0
15,11,3,1.0,1.0,1.0,1.0
15,11,4,1.0,1.0,1.0,1.0
15,11,5,1.0,1.0,1.0,1.0
15,11,6,1.0,1.0,1.0,1.0
15,11,7,1.0,1.0,1.0,1.0
15,11,8,1.0,1.0,1.0,1.0
15,11,9,1.0,1.0,1.0,1.0
15,11,10,1.0,1.0,1.0,1.0
15,11,11,1.0,1.0,1.0,1.0
15,11,12,1.0,1.0,1.0,1.0
15,11,13,1.0,1.0,1.0,1.0
15,11,14,1.0,1.0,1.0,1.0
15,11,15,1.0,1.0,1.0,1.0
15,11,16,1.0,1.0,1.0,1.0
15,11,17,1.0,1.0,1.0,1.0
15,11,18,1.0,1.0,1.0,1.0
15,11,19,1.0,1.0,1.0,1.0
15,11,20,1.0,1.0,1.0,1.0
15,11,21,1.0,1.0,1.0,1.0
15,11,22,1.0,1.0,1.0,1.0
15,11,23,1.0,1.0,1.0,1.0
15,11,24,1.0,1.0,1.0,1.0
15,12,0,1.0,1.0,1.0,1.0
15,12,1,1.0,1.0,1.0,1.0
15,12,2,1.0,1.0,1.0,1.0
15,12,3,1.0,1.0,1.0,1.0
15,12,4,1.0,1.0,1.0,1.0
15,12,5,1.0,1.0,1.0,1.0
15,12,6,1.0,1.0,1.0,1.0
15,12,7,1.0,1.0,1.0,1.0
15,12,8,1.0,1.0,1.0,1.0
15,12,9,1.0,1.0,1.0,1.0
15,12,10,1.0,1.0,1.0,1.0
15,12,11,1.0,1.0,1.0,1.0
15,12,12,1.0,1.0,1.0,1.0
15,12,13,1.0,1.0,1.0,1.0
15,12,14,1.0,1.0,1.0,1.0
15,12,15,1.0,1.0,1.0,1.0
15,12,16,1.0,1.0,1.0,1.0
15,12,17,1.0,1.0,1.0,1.0
15,12,18,1.0,1.0,1.0,1.0
15,12,19,1.0,1.0,1.0,1.0
15,12,20,1.0,1.0,1.0,1.0
15,12,21,1.0,1.0,1.0,1.0
15,12,22,1.0,1.0,1.0,1.0
15,12,23,1.0,1.0,1.0,1.0
15,12,24,1.0,1.0,1.0,1.0
15,13,0,1.0,1.0,1.0,1.0
15,13,1,1.0,1.0,1.0,1.0
15,13,2,1.0,1.0,1.0,1.0
15,13,3,1.0,1.0,1.0,1.0
15,13,4,1.0,1.0,1.0,1.0
15,13,5,1.0,1.0,1.0,1.0
15,13,6,1.0,1.0,1.0,1.0
15,13,7,1.0,1.0,1.0,1.0
15,13,8,1.0,1.0,1.0,1.0
15,13,9,1.0,1.0,1.0,1.0
15,13,10,1.0,1.0,1.0,1.0
15,13,11,1.0,1.0,1.0,1.0
15,13,12,1.0,1.0,1.0,1.0
15,13,13,1.0,1.0,1.0,1.0
15,13,14,1.0,1.0,1.0,1.0
15,13,15,1.0,1.0,1.0,1.0
15,13,16,1.0,1.0,1.0,1.0
15,13,17,1.0,1.0,1.0,1.0
15,13,18,1.0,1.0,1.0,1.0
15,13,19,1.0,1.0,1.0,1.0
15,13,20,1.0,1.0,1.0,1.0
15,13,21,1.0,1.0,1.0,1.0
15,13,22,1.0,1.0,1.0,1.0
15,13,23,1.0,1.0,1.0,1.0
15,13,24,1.0,1.0,1.0,1.0
15,14,0,1.0,1.0,1.0,1.0
15,14,1,1.0,1.0,1.0,1.0
15,14,2,1.0,1.0,1.0,1.0
15,14,3,1.0,1.0,1.0,1.0
15,14,4,1.0,1.0,1.0,1.0
15,14,5,1.0,1.0,1.0,1.0
15,14,6,1.0,1.0,1.0,1.0
15,14,7,1.0,1.0,1.0,1.0
15,14,8,1.0,1.0,1.0,1.0
15,14,9,1.0,1.0,1.0,1.0
15,14,10,1.0,1.0,1.0,1.0
15,14,11,1.0,1.0,1.0,1.0
15,14,12,1.0,1.0,1.0,1.0
15,14,13,1.0,1.0,1.0,1.0
15,14,14,1.0,1.0,1.0,1.0
15,14,15,1.0,1.0,1.0,1.0
15,14,16,1.0,1.0,1.0,1.0
15,14,17,1.0,1.0,1.0,1.0
15,14,18,1.0,1.0,1.0,1.0
15,14,19,1.0,1.0,1.0,1.0
15,14,20,1.0,1.0,1.0,1.0
15,14,21,1.0,1.0,1.0,1.0
15,14,22,1.0,1.0,1.0,1.0
15,14,23,1.0,1.0,1.0,1.0
15,14,24,1.0,1.0,1.0,1.0
15,15,0,1.0,1.0,1.0,1.0
15,15,1,1.0,1.0,1.0,1.0
15,15,2,1.0,1.0,1.0,1.0
15,15,3,1.0,1.0,1.0,1.0
15,15,4,1.0,1.0,1.0,1.0
15,15,5,1.0,1.0,1.0,1.0
15,15,6,1.0,1.0,1.0,1.0
15,15,7,1.0,1.0,1.0,1.0
15,15,8,1.0,1.0,1.0,1.0
15,15,9,1.0,1.0,1.0,1.0
15,15,10,1.0,1.0,1.0,1.0
15,15,11,1.0,1.0,1.0,1.0
15,15,12,1.0,1.0,1.0,1.0
15,15,13,1.0,1.0,1.0,1.0
15,15,14,1.0,1.0,1.0,1.0
15,15,15,1.0,1.0,1.0,1.0
15,15,16,1.0,1.0,1.0,1.0
15,15,17,1.0,1.0,1.0,1.0
15,15,18,1.0,1.0,1.0,1.0
15,15,19,1.0,1.0,1.0,1.0
15,15,20,1.0,1.0,1.0,1.0
15,15,21,1.0,1.0,1.0,1.0
15,15,22,1.0,1.0,1.0,1.0
15,15,23,1.0,1.0,1.0,1.0
15,15,24,1.0,1.0,1.0,1.0
15,16,0,1.0,1.0,1.0,1.0
15,16,1,1.0,1.0,1.0,1.0
15,16,2,1.0,1.0,1.0,1.0
15,16,3,1.0,1.0,1.0,1.0
15,16,4,1.0,1.0,1.0,1.0
15,16,5,1.0,1.0,1.0,1.0
15,16,6,1.0,1.0,1.0,1.0
15,16,7,1.0,1.0,1.0,1.0
15,16,8,1.0,1.0,1.0,1.0
15,16,9,1.0,1.0,1.0,1.0
15,16,10,1.0,1.0,1.0,1.0
15,16,11,1.0,1.0,1.0,1.0
15,16,12,1.0,1.0,1.0,1.0
15,16,13,1.0,1.0,1.0,1.0
15,16,14,1.0,1.0,1.0,1.0
15,16,15,1.0,1.0,1.0,1.0
15,16,16,1.0,1.0,1.0,1.0
15,16,17,1.0,1.0,1.0,1.0
15,16,18,1.0,1.0,1.0,1.0
15,16,19,1.0,1.0,1.0,1.0
15,16,20,1.0,1.0,1.0,1.0
15,16,21,1.0,1.0,1.0,1.0
15,16,22,1.0,1.0,1.0,1.0
15,16,23,1.0,1.0,1.0,1.0
15,16,24,1.0,1.0,1.0,1.0
15,17,0,1.0,1.0,1.0,1.0
15,17,1,1.0,1.0,1.0,1.0
15,17,2,1.0,1.0,1.0,1.0
15,17,3,1.0,1.0,1.0,1.0
15,17,4,1.0,1.0,1.0,1.0
15,17,5,1.0,1.0,1.0,1.0
15,17,6,1.0,1.0,1.0,1.0
15,17,7,1.0,1.0,1.0,1.0
15,17,8,1.0,1.0,1.0,1.0
15,17,9,1.0,1.0,1.0,1.0
15,17,10,1.0,1.0,1.0,1.0
15,17,11,1.0,1.0,1.0,1.0
15,17,12,1.0,1.0,1.0,1.0
15,17,13,1.0,1.0,1.0,1.0
15,17,14,1.0,1.0,1.0,1.0
15,17,15,1.0,1.0,1.0,1.0
15,17,16,1.0,1.0,1.0,1.0
15,17,17,1.0,1.0,1.0,1.0
15,17,18,1.0,1.0,1.0,1.0
15,17,19,1.0,1.0,1.0,1.0
15,17,20,1.0,1.0,1.0,1.0
15,17,21,1.0,1.0,1.0,1.0
15,17,22,1.0,1.0,1.0,1.0
15,17,23,1.0,1.0,1.0,1.0
15,17,24,1.0,1.0,1.0,1.0
15,18,0,1.0,1.0,1.0,1.0
15,18,1,1.0,1.0,1.0,1.0
15,18,2,1.0,1.0,1.0,1.0
15,18,3,1.0,1.0,1.0,1.0
15,18,4,1.0,1.0,1.0,1.0
15,18,5,1.0,1.0,1.0,1.0
15,18,6,1.0,1.0,1.0,1.0
15,18,7,1.0,1.0,1.0,1.0
15,18,8,1.0,1.0,1.0,1.0
15,18,9,1.0,1.0,1.0,1.0
15,18,10,1.0,1.0,1.0,1.0
15,18,11,1.0,1.0,1.0,1.0
15,18,12,1.0,1.0,1.0,1.0
15,18,13,1.0,1.0,1.0,1.0
15,18,14,1.0,1.0,1.0,1.0
15,18,15,1.0,1.0,1.0,1.0
15,18,16,1.0,1.0,1.0,1.0
15,18,17,1.0,1.0,1.0,1.0
15,18,18,1.0,1.0,1.0,1.0
15,18,19,1.0,1.0,1.0,1.0
15,18,20,1.0,1.0,1.0,1.0
15,18,21,1.0,1.0,1.0,1.0
15,18,22,1.0,1.0,1.0,1.0
15,18,23,1.0,1.0,1.0,1.0
15,18,24,1.0,1.0,1.0,1.0
15,19,0,1.0,1.0,1.0,1.0
15,19,1,1.0,1.0,1.0,1.0
15,19,2,1.0,1.0,1.0,1.0
15,19,3,1.0,1.0,1.0,1.0
15,19,4,1.0,1.0,1.0,1.0
15,19,5,1.0,1.0,1.0,1.0
15,19,6,1.0,1.0,1.0,1.0
15,19,7,1.0,1.0,1.0,1.0
15,19,8,1.0,1.0,1.0,1.0
15,19,9,1.0,1.0,1.0,1.0
15,19,10,1.0,1.0,1.0,1.0
15,19,11,1.0,1.0,1.0,1.0
15,19,12,1.0,1.0,1.0,1.0
15,19,13,1.0,1.0,1.0,1.0
15,19,14,1.0,1.0,1.0,1.0
15,19,15,1.0,1.0,1.0,1.0
15,19,16,1.0,1.0,1.0,1.0
15,19,17,1.0,1.0,1.0,1.0
15,19,18,1.0,1.0,1.0,1.0
15,19,19,1.0,1.0,1.0,1.0
15,19,20,1.0,1.0,1.0,1.0
15,19,21,1.0,1.0,1.0,1.0
15,19,22,1.0,1.0,1.0,1.0
15,19,23,1.0,1.0,1.0,1.0
15,19,24,1.0,1.0,1.0,1.0
20,0,0,1.0,1.0,1.0,1.0
20,0,1,1.0,1.0,1.0,1.0
20,0,2,1.0,1.0,1.0,1.0
20,0,3,1.0,1.0,1.0,1.0
20,0,4,1.0,1.0,1.0,1.0
20,0,5,1.0,1.0,1.0,1.0
20,0,6,1.0,1.0,1.0,1.0
20,0,7,1.0,1.0,1.0,1.0
20,0,8,1.0,1.0,1.0,1.0
20,0,9,1.0,1.0,1.0,1.0
20,0,10,1.0,1.0,1.0,1.0
20,0,11,1.0,1.0,1.0,1.0
20,0,12,1.0,1.0,1.0,1.0
20,0,13,1.0,1.0,1.0,1.0
20,0,14,1.0,1.0,1.0,1.0
20,0,15,1.0,1.0,1.0,1.0
20,0,16,1.0,1.0,1.0,1.0
20,0,17,1.0,1.0,1.0,1.0
20,0,18,1.0,1.0,1.0,1.0
20,0,19,1.0,1.0,1.0,1.0
20,0,20,1.0,1.0,1.0,1.0
20,0,21,1.0,1.0,1.0,1.0
20,0,22,1.0,1.0,1.0,1.0
20,0,23,1.0,1.0,1.0,1.0
20,0,24,1.0,1.0,1.0,1.0
20,1,0,1.0,1.0,1.0,1.0
20,1,1,1.0,1.0,1.0,1.0
20,1,2,1.0,1.0,1.0,1.0
20,1,3,1.0,1.0,1.0,1.0
20,1,4,1.0,1.0,1.0,1.0
20,1,5,1.0,1.0,1.0,1.0
20,1,6,1.0,1.0,1.0,1.0
20,1,7,1.0,1.0,1.0,1.0
20,1,8,1.0,1.0,1.0,1.0
20,1,9,1.0,1.0,1.0,1.0
20,1,10,1.0,1.0,1.0,1.0
20,1,11,1.0,1.0,1.0,1.0
20,1,12,1.0,1.0,1.0,1.0
20,1,13,1.0,1.0,1.0,1.0
20,1,14,1.0,1.0,1.0,1.0
20,1,15,1.0,1.0,1.0,1.0
20,1,16,1.0,1.0,1.0,1.0
20,1,17,1.0,1.0,1.0,1.0
20,1,18,1.0,1.0,1.0,1.0
20,1,19,1.0,1.0,1.0,1.0
20,1,20,1.0,1.0,1.0,1.0
20,1,21,1.0,1.0,1.0,1.0
20,1,22,1.0,1.0,1.0,1.0
20,1,23,1.0,1.0,1.0,1.0
20,1,24,1.0,1.0,1.0,1.0
20,2,0,1.0,1.0,1.0,1.0
20,2,1,1.0,1.0,1.0,1.0
20,2,2,1.0,1.0,1.0,1.0
20,2,3,1.0,1.0,1.0,1.0
20,2,4,1.0,1.0,1.0,1.0
20,2,5,1.0,1.0,1.0,1.0
20,2,6,1.0,1.0,1.0,1.0
20,2,7,1.0,1.0,1.0,1.0
20,2,8,1.0,1.0,1.0,1.0
20,2,9,1.0,1.0,1.0,1.0
20,2,10,1.0,1.0,1.0,1.0
20,2,11,1.0,1.0,1.0,1.0
20,2,12,1.0,1.0,1.0,1.0
20,2,13,1.0,1.0,1.0,1.0
20,2,14,1.0,1.0,1.0,1.0
20,2,15,1.0,1.0,1.0,1.0
20,2,16,1.0,1.0,1.0,1.0
20,2,17,1.0,1.0,1.0,1.0
20,2,18,1.0,1.0,1.0,1.0
20,2,19,1.0,1.0,1.0,1.0
20,2,20,1.0,1.0,1.0,1.0
20,2,21,1.0,1.0,1.0,1.0
20,2,22,1.0,1.0,1.0,1.0
20,2,23,1.0,1.0,1.0,1.0
20,2,24,1.0,1.0,1.0,1.0
20,3,0,1.0,1.0,1.0,1.0
20,3,1,1.0,1.0,1.0,1.0
20,3,2,1.0,1.0,1.0,1.0
20,3,3,1.0,1.0,1.0,1.0
20,3,4,1.0,1.0,1.0,1.0
20,3,5,1.0,1.0,1.0,1.0
20,3,6,1.0,1.0,1.0,1.0
20,3,7,1.0,1.0,1.0,1.0
20,3,8,1.0,1.0,1.0,1.0
20,3,9,1.0,1.0,1.0,1.0
20,3,10,1.0,1.0,1.0,1.0
20,3,11,1.0,1.0,1.0,1.0
20,3,12,1.0,1.0,1.0,1.0
20,3,13,1.0,1.0,1.0,1.0
20,3,14,1.0,1.0,1.0,1.0
20,3,15,1.0,1.0,1.0,1.0
20,3,16,1.0,1.0,1.0,1.0
20,3,17,1.0,1.0,1.0,1.0
20,3,18,1.0,1.0,1.0,1.0
20,3,19,1.0,1.0,1.0,1.0
20,3,20,1.0,1.0,1.0,1.0
20,3,21,1.0,1.0,1.0,1.0
20,3,22,1.0,1.0,1.0,1.0
20,3,23,1.0,1.0,1.0,1.0
20,3,24,1.0,1.0,1.0,1.0
20,4,0,1.0,1.0,1.0,1.0
20,4,1,1.0,1.0,1.0,1.0
20,4,2,1.0,1.0,1.0,1.0
20,4,3,1.0,1.0,1.0,1.0
20,4,4,1.0,1.0,1.0,1.0
20,4,5,1.0,1.0,1.0,1.0
20,4,6,1.0,1.0,1.0,1.0
20,4,7,1.0,1.0,1.0,1.0
20,4,8,1.0,1.0,1.0,1.0
20,4,9,1.0,1.0,1.0,1.0
20,4,10,1.0,1.0,1.0,1.0
20,4,11,1.0,1.0,1.0,1.0
20,4,12,1.0,1.0,1.0,1.0
20,4,13,1.0,1.0,1.0,1.0
20,4,14,1.0,1.0,1.0,1.0
20,4,15,1.0,1.0,1.0,1.0
20,4,16,1.0,1.0,1.0,1.0
20,4,17,1.0,1.0,1.0,1.0
20,4,18,1.0,1.0,1.0,1.0
20,4,19,1.0,1.0,1.0,1.0
20,4,20,1.0,1.0,1.0,1.0
20,4,21,1.0,1.0,1.0,1.0
20,4,22,1.0,1.0,1.0,1.0
20,4,23,1.0,1.0,1.0,1.0
20,4,24,1.0,1.0,1.0,1.0
20,5,0,1.0,1.0,1.0,1.0
20,5,1,1.0,1.0,1.0,1.0
20,5,2,1.0,1.0,1.0,1.0
20,5,3,1.0,1.0,1.0,1.0
20,5,4,1.0,1.0,1.0,1.0
20,5,5,1.0,1.0,1.0,1.0
20,5,6,1.0,1.0,1.0,1.0
20,5,7,1.0,1.0,1.0,1.0
20,5,8,1.0,1.0,1.0,1.0
20,5,9,1.0,1.0,1.0,1.0
20,5,10,1.0,1.0,1.0,1.0
20,5,11,1.0,1.0,1.0,1.0
20,5,12,1.0,1.0,1.0,1.0
20,5,13,1.0,1.0,1.0,1.0
20,5,14,1.0,1.0,1.0,1.0
20,5,15,1.0,1.0,1.0,1.0
20,5,16,1.0,1.0,1.0,1.0
20,5,17,1.0,1.0,1.0,1.0
20,5,18,1.0,1.0,1.0,1.0
20,5,19,1.0,1.0,1.0,1.0
20,5,20,1.0,1.0,1.0,1.0
20,5,21,1.0,1.0,1.0,1.0
20,5,22,1.0,1.0,1.0,1.0
20,5,23,1.0,1.0,1.0,1.0
20,5,24,1.0,1.0,1.0,1.0
20,6,0,1.0,1.0,1.0,1.0
20,6,1,1.0,1.0,1.0,1.0
20,6,2,1.0,1.0,1.0,1.0
20,6,3,1.0,1.0,1.0,1.0
20,6,4,1.0,1.0,1.0,1.0
20,6,5,1.0,1.0,1.0,1.0
20,6,6,1.0,1.0,1.0,1.0
20,6,7,1.0,1.0,1.0,1.0
20,6,8,1.0,1.0,1.0,1.0
20,6,9,1.0,1.0,1.0,1.0
20,6,10,1.0,1.0,1.0,1.0
20,6,11,1.0,1.0,1.0,1.0
20,6,12,1.0,1.0,1.0,1.0
20,6,13,1.0,1.0,1.0,1.0
20,6,14,1.0,1.0,1.0,1.0
20,6,15,1.0,1.0,1.0,1.0
20,6,16,1.0,1.0,1.0,1.0
20,6,17,1.0,1.0,1.0,1.0
20,6,18,1.0,1.0,1.0,1.0
20,6,19,1.0,1.0,1.0,1.0
20,6,20,1.0,1.0,1.0,1.0
20,6,21,1.0,1.0,1.0,1.0
20,6,22,1.0,1.0,1.0,1.0
20,6,23,1.0,1.0,1.0,1.0
20,6,24,1.0,1.0,1.0,1.0
20,7,0,1.0,1.0,1.0,1.0
20,7,1,1.0,1.0,1.0,1.0
20,7,2,1.0,1.0,1.0,1.0
20,7,3,1.0,1.0,1.0,1.0
20,7,4,1.0,1.0,1.0,1.0
20,7,5,1.0,1.0,1.0,1.0
20,7,6,1.0,1.0,1.0,1.0
20,7,7,1.0,1.0,1.0,1.0
20,7,8,1.0,1.0,1.0,1.0
20,7,9,1.0,1.0,1.0,1.0
20,7,10,1.0,1.0,1.0,1.0
20,7,11,1.0,1.0,1.0,1.0
20,7,12,1.0,1.0,1.0,1.0
20,7,13,1.0,1.0,1.0,1.0
20,7,14,1.0,1.0,1.0,1.0
20,7,15,1.0,1.0,1.0,1.0
20,7,16,1.0,1.0,1.0,1.0
20,7,17,1.0,1.0,1.0,1.0
20,7,18,1.0,1.0,1.0,1.0
20,7,19,1.0,1.0,1.0,1.0
20,7,20,1.0,1.0,1.0,1.0
20,7,21,1.0,1.0,1.0,1.0
20,7,22,1.0,1.0,1.0,1.0
20,7,23,1.0,1.0,1.0,1.0
20,7,24,1.0,1.0,1.0,1.0
20,8,0,1.0,1.0,1.0,1.0
20,8,1,1.0,1.0,1.0,1.0
20,8,2,1.0,1.0,1.0,1.0
20,8,3,1.0,1.0,1.0,1.0
20,8,4,1.0,1.0,1.0,1.0
20,8,5,1.0,1.0,1.0,1.0
20,8,6,1.0,1.0,1.0,1.0
20,8,7,1.0,1.0,1.0,1.0
20,8,8,1.0,1.0,1.0,1.0
20,8,9,1.0,1.0,1.0,1.0
20,8,10,1.0,1.0,1.0,1.0
20,8,11,1.0,1.0,1.0,1.0
20,8,12,1.0,1.0,1.0,1.0
20,8,13,1.0,1.0,1.0,1.0
20,8,14,1.0,1.0,1.0,1.0
20,8,15,1.0,1.0,1.0,1.0
20,8,16,1.0,1.0,1.0,1.0
20,8,17,1.0,1.0,1.0,1.0
20,8,18,1.0,1.0,1.0,1.0
20,8,19,1.0,1.0,1.0,1.0
20,8,20,1.0,1.0,1.0,1.0
20,8,21,1.0,1.0,1.0,1.0
20,8,22,1.0,1.0,1.0,1.0
20,8,23,1.0,1.0,1.0,1.0
20,8,24,1.0,1.0,1.0,1.0
20,9,0,1.0,1.0,1.0,1.0
20,9,1,1.0,1.0,1.0,1.0
20,9,2,1.0,1.0,1.0,1.0
20,9,3,1.0,1.0,1.0,1.0
20,9,4,1.0,1.0,1.0,1.0
20,9,5,1.0,1.0,1.0,1.0
20,9,6,1.0,1.0,1.0,1.0
20,9,7,1.0,1.0,1.0,1.0
20,9,8,1.0,1.0,1.0,1.0
20,9,9,1.0,1.0,1.0,1.0
20,9,10,1.0,1.0,1.0,1.0
20,9,11,1.0,1.0,1.0,1.0
20,9,12,1.0,1.0,1.0,1.0
20,9,13,1.0,1.0,1.0,1.0
20,9,14,1.0,1.0,1.0,1.0
20,9,15,1.0,1.0,1.0,1.0
20,9,16,1.0,1.0,1.0,1.0
20,9,17,1.0,1.0,1.0,1.0
20,9,18,1.0,1.0,1.0,1.0
20,9,19,1.0,1.0,1.0,1.0
20,9,20,1.0,1.0,1.0,1.0
20,9,21,1.0,1.0,1.0,1.0
20,9,22,1.0,1.0,1.0,1.0
20,9,23,1.0,1.0,1.0,1.0
20,9,24,1.0,1.0,1.0,1.0
20,10,0,1.0,1.0,1.0,1.0
20,10,1,1.0,1.0,1.0,1.0
20,10,2,1.0,1.0,1.0,1.0
20,10,3,1.0,1.0,1.0,1.0
20,10,4,1.0,1.0,1.0,1.0
20,10,5,1.0,1.0,1.0,1.0
20,10,6,1.0,1.0,1.0,1.0
20,10,7,1.0,1.0,1.0,1.0
20,10,8,1.0,1.0,1.0,1.0
20,10,9,1.0,1.0,1.0,1.0
20,10,10,1.0,1.0,1.0,1.0
20,10,11,1.0,1.0,1.0,1.0
20,10,12,1.0,1.0,1.0,1.0
20,10,13,1.0,1.0,1.0,1.0
20,10,14,1.0,1.0,1.0,1.0
20,10,15,1.0,1.0,1.0,1.0
20,10,16,1.0,1.0,1.0,1.0
20,10,17,1.0,1.0,1.0,1.0
20,10,18,1.0,1.0,1.0,1.0
20,10,19,1.0,1.0,1.0,1.0
20,10,20,1.0,1.0,1.0,1.0
20,10,21,1.0,1.0,1.0,1.0
20,10,22,1.0,1.0,1.0,1.0
20,10,23,1.0,1.0,1.0,1.0
20,10,24,1.0,1.0,1.0,1.0
20,11,0,1.0,1.0,1.0,1.0
20,11,1,1.0,1.0,1.0,1.0
20,11,2,1.0,1.0,1.0,1.0
20,11,3,1.0,1.0,1.0,1.0
20,11,4,1.0,1.0,1.0,1.0
20,11,5,1.0,1.0,1.0,1.0
20,11,6,1.0,1.0,1.0,1.0
20,11,7,1.0,1.0,1.0,1.0
20,11,8,1.0,1.0,1.0,1.0
20,11,9,1.0,1.0,1.0,1.0
20,11,10,1.0,1.0,1.0,1.0
20,11,11,1.0,1.0,1.0,1.0
20,11,12,1.0,1.0,1.0,1.0
20,11,13,1.0,1.0,1.0,1.0
20,11,14,1.0,1.0,1.0,1.0
20,11,15,1.0,1.0,1.0,1.0
20,11,16,1.0,1.0,1.0,1.0
20,11,17,1.0,1.0,1.0,1.0
20,11,18,1.0,1.0,1.0,1.0
20,11,19,1.0,1.0,1.0,1.0
20,11,20,1.0,1.0,1.0,1.0
20,11,21,1.0,1.0,1.0,1.0
20,11,22,1.0,1.0,1.0,1.0
20,11,23,1.0,1.0,1.0,1.0
20,11,24,1.0,1.0,1.0,1.0
20,12,0,1.0,1.0,1.0,1.0
20,12,1,1.0,1.0,1.0,1.0
20,12,2,1.0,1.0,1.0,1.0
20,12,3,1.0,1.0,1.0,1.0
20,12,4,1.0,1.0,1.0,1.0
20,12,5,1.0,1.0,1.0,1.0
20,12,6,1.0,1.0,1.0,1.0
20,12,7,1.0,1.0,1.0,1.0
20,12,8,1.0,1.0,1.0,1.0
20,12,9,1.0,1.0,1.0,1.0
20,12,10,1.0,1.0,1.0,1.0
20,12,11,1.0,1.0,1.0,1.0
20,12,12,1.0,1.0,1.0,1.0
20,12,13,1.0,1.0,1.0,1.0
20,12,14,1.0,1.0,1.0,1.0
20,12,15,1.0,1.0,1.0,1.0
20,12,16,1.0,1.0,1.0,1.0
20,12,17,1.0,1.0,1.0,1.0
20,12,18,1.0,1.0,1.0,1.0
20,12,19,1.0,1.0,1.0,1.0
20,12,20,1.0,1.0,1.0,1.0
20,12,21,1.0,1.0,1.0,1.0
20,12,22,1.0,1.0,1.0,1.0
20,12,23,1.0,1.0,1.0,1.0
20,12,24,1.0,1.0,1.0,1.0
20,13,0,1.0,1.0,1.0,1.0
20,13,1,1.0,1.0,1.0,1.0
20,13,2,1.0,1.0,1.0,1.0
20,13,3,1.0,1.0,1.0,1.0
20,13,4,1.0,1.0,1.0,1.0
20,13,5,1.0,1.0,1.0,1.0
20,13,6,1.0,1.0,1.0,1.0
20,13,7,1.0,1.0,1.0,1.0
20,13,8,1.0,1.0,1.0,1.0
20,13,9,1.0,1.0,1.0,1.0
20,13,10,1.0,1.0,1.0,1.0
20,13,11,1.0,1.0,1.0,1.0
20,13,12,1.0,1.0,1.0,1.0
20,13,13,1.0,1.0,1.0,1.0
20,13,14,1.0,1.0,1.0,1.0
20,13,15,1.0,1.0,1.0,1.0
20,13,16,1.0,1.0,1.0,1.0
20,13,17,1.0,1.0,1.0,1.0
20,13,18,1.0,1.0,1.0,1.0
20,13,19,1.0,1.0,1.0,1.0
20,13,20,1.0,1.0,1.0,1.0
20,13,21,1.0,1.0,1.0,1.0
20,13,22,1.0,1.0,1.0,1.0
20,13,23,1.0,1.0,1.0,1.0
20,13,24,1.0,1.0,1.0,1.0
20,14,0,1.0,1.0,1.0,1.0
20,14,1,1.0,1.0,1.0,1.0
20,14,2,1.0,1.0,1.0,1.0
20,14,3,1.0,1.0,1.0,1.0
20,14,4,1.0,1.0,1.0,1.0
20,14,5,1.0,1.0,1.0,1.0
20,14,6,1.0,1.0,1.0,1.0
20,14,7,1.0,1.0,1.0,1.0
20,14,8,1.0,1.0,1.0,1.0
20,14,9,1.0,1.0,1.0,1.0
20,14,10,1.0,1.0,1.0,1.0
20,14,11,1.0,1.0,1.0,1.0
20,14,12,1.0,1.0,1.0,1.0
20,14,13,1.0,1.0,1.0,1.0
20,14,14,1.0,1.0,1.0,1.0
20,14,15,1.0,1.0,1.0,1.0
20,14,16,1.0,1.0,1.0,1.0
20,14,17,1.0,1.0,1.0,1.0
20,14,18,1.0,1.0,1.0,1.0
20,14,19,1.0,1.0,1.0,1.0
20,14,20,1.0,1.0,1.0,1.0
20,14,21,1.0,1.0,1.0,1.0
20,14,22,1.0,1.0,1.0,1.0
20,14,23,1.0,1.0,1.0,1.0
20,14,24,1.0,1.0,1.0,1.0
20,15,0,1.0,1.0,1.0,1.0
20,15,1,1.0,1.0,1.0,1.0
20,15,2,1.0,1.0,1.0,1.0
20,15,3,1.0,1.0,1.0,1.0
20,15,4,1.0,1.0,1.0,1.0
20,15,5,1.0,1.0,1.0,1.0
20,15,6,1.0,1.0,1.0,1.0
20,15,7,1.0,1.0,1.0,1.0
20,15,8,1.0,1.0,1.0,1.0
20,15,9,1.0,1.0,1.0,1.0
20,15,10,1.0,1.0,1.0,1.0
20,15,11,1.0,1.0,1.0,1.0
20,15,12,1.0,1.0,1.0,1.0
20,15,13,1.0,1.0,1.0,1.0
20,15,14,1.0,1.0,1.0,1.0
20,15,15,1.0,1.0,1.0,1.0
20,15,16,1.0,1.0,1.0,1.0
20,15,17,1.0,1.0,1.0,1.0
20,15,18,1.0,1.0,1.0,1.0
20,15,19,1.0,1.0,1.0,1.0
20,15,20,1.0,1.0,1.0,1.0
20,15,21,1.0,1.0,1.0,1.0
20,15,22,1.0,1.0,1.0,1.0
20,15,23,1.0,1.0,1.0,1.0
20,15,24,1.0,1.0,1.0,1.0
20,16,0,1.0,1.0,1.0,1.0
20,16,1,1.0,1.0,1.0,1.0
20,16,2,1.0,1.0,1.0,1.0
20,16,3,1.0,1.0,1.0,1.0
20,16,4,1.0,1.0,1.0,1.0
20,16,5,1.0,1.0,1.0,1.0
20,16,6,1.0,1.0,1.0,1.0
20,16,7,1.0,1.0,1.0,1.0
20,16,8,1.0,1.0,1.0,1.0
20,16,9,1.0,1.0,1.0,1.0
20,16,10,1.0,1.0,1.0,1.0
20,16,11,1.0,1.0,1.0,1.0
20,16,12,1.0,1.0,1.0,1.0
20,16,13,1.0,1.0,1.0,1.0
20,16,14,1.0,1.0,1.0,1.0
20,16,15,1.0,1.0,1.0,1.0
20,16,16,1.0,1.0,1.0,1.0
20,16,17,1.0,1.0,1.0,1.0
20,16,18,1.0,1.0,1.0,1.0
20,16,19,1.0,1.0,1.0,1.0
20,16,20,1.0,1.0,1.0,1.0
20,16,21,1.0,1.0,1.0,1.0
20,16,22,1.0,1.0,1.0,1.0
20,16,23,1.0,1.0,1.0,1.0
20,16,24,1.0,1.0,1.0,1.0
20,17,0,1.0,1.0,1.0,1.0
20,17,1,1.0,1.0,1.0,1.0
20,17,2,1.0,1.0,1.0,1.0
20,17,3,1.0,1.0,1.0,1.0
20,17,4,1.0,1.0,1.0,1.0
20,17,5,1.0,1.0,1.0,1.0
20,17,6,1.0,1.0,1.0,1.0
20,17,7,1.0,1.0,1.0,1.0
20,17,8,1.0,1.0,1.0,1.0
20,17,9,1.0,1.0,1.0,1.0
20,17,10,1.0,1.0,1.0,1.0
20,17,11,1.0,1.0,1.0,1.0
20,17,12,1.0,1.0,1.0,1.0
20,17,13,1.0,1.0,1.0,1.0
20,17,14,1.0,1.0,1.0,1.0
20,17,15,1.0,1.0,1.0,1.0
20,17,16,1.0,1.0,1.0,1.0
20,17,17,1.0,1.0,1.0,1.0
20,17,18,1.0,1.0,1.0,1.0
20,17,19,1.0,1.0,1.0,1.0
20,17,20,1.0,1.0,1.0,1.0
20,17,21,1.0,1.0,1.0,1.0
20,17,22,1.0,1.0,1.0,1.0
20,17,23,1.0,1.0,1.0,1.0
20,17,24,1.0,1.0,1.0,1.0
20,18,0,1.0,1.0,1.0,1.0
20,18,1,1.0,1.0,1.0,1.0
20,18,2,1.0,1.0,1.0,1.0
20,18,3,1.0,1.0,1.0,1.0
20,18,4,1.0,1.0,1.0,1.0
20,18,5,1.0,1.0,1.0,1.0
20,18,6,1.0,1.0,1.0,1.0
20,18,7,1.0,1.0,1.0,1.0
20,18,8,1.0,1.0,1.0,1.0
20,18,9,1.0,1.0,1.0,1.0
20,18,10,1.0,1.0,1.0,1.0
20,18,11,1.0,1.0,1.0,1.0
20,18,12,1.0,1.0,1.0,1.0
20,18,13,1.0,1.0,1.0,1.0
20,18,14,1.0,1.0,1.0,1.0
20,18,15,1.0,1.0,1.0,1.0
20,18,16,1.0,1.0,1.0,1.0
20,18,17,1.0,1.0,1.0,1.0
20,18,18,1.0,1.0,1.0,1.0
20,18,19,1.0,1.0,1.0,1.0
20,18,20,1.0,1.0,1.0,1.0
20,18,21,1.0,1.0,1.0,1.0
20,18,22,1.0,1.0,1.0,1.0
20,18,23,1.0,1.0,1.0,1.0
20,18,24,1.0,1.0,1.0,1.0
20,19,0,1.0,1.0,1.0,1.0
20,19,1,1.0,1.0,1.0,1.0
20,19,2,1.0,1.0,1.0,1.0
20,19,3,1.0,1.0,1.0,1.0
20,19,4,1.0,1.0,1.0,1.0
20,19,5,1.0,1.0,1.0,1.0
20,19,6,1.0,1.0,1.0,1.0
20,19,7,1.0,1.0,1.0,1.0
20,19,8,1.0,1.0,1.0,1.0
20,19,9,1.0,1.0,1.0,1.0
20,19,10,1.0,1.0,1.0,1.0
20,19,11,1.0,1.0,1.0,1.0
20,19,12,1.0,1.0,1.0,1.0
20,19,13,1.0,1.0,1.0,1.0
20,19,14,1.0,1.0,1.0,1.0
20,19,15,1.0,1.0,1.0,1.0
20,19,16,1.0,1.0,1.0,1.0
20,19,17,1.0,1.0,1.0,1.0
20,19,18,1.0,1.0,1.0,1.0
20,19,19,1.0,1.0,1.0,1.0
20,19,20,1.0,1.0,1.0,1.0
20,19,21,1.0,1.0,1.0,1.0
20,19,22,1.0,1.0,1.0,1.0
20,19,23,1.0,1.0,1.0,1.0
20,19,24,1.0,1.0,1.0,1.0
25,0,0,1.0,1.0,1.0,1.0
25,0,1,0.98989898989899,0.9615384615384616,1.0,0.9803921568627451
25,0,2,1.0,1.0,1.0,1.0
25,0,3,1.0,1.0,1.0,1.0
25,0,4,1.0,1.0,1.0,1.0
25,0,5,1.0,1.0,1.0,1.0
25,0,6,1.0,1.0,1.0,1.0
25,0,7,1.0,1.0,1.0,1.0
25,0,8,1.0,1.0,1.0,1.0
25,0,9,1.0,1.0,1.0,1.0
25,0,10,1.0,1.0,1.0,1.0
25,0,11,1.0,1.0,1.0,1.0
25,0,12,1.0,1.0,1.0,1.0
25,0,13,1.0,1.0,1.0,1.0
25,0,14,0.98989898989899,0.9615384615384616,1.0,0.9803921568627451
25,0,15,1.0,1.0,1.0,1.0
25,0,16,1.0,1.0,1.0,1.0
25,0,17,1.0,1.0,1.0,1.0
25,0,18,1.0,1.0,1.0,1.0
25,0,19,1.0,1.0,1.0,1.0
25,0,20,1.0,1.0,1.0,1.0
25,0,21,1.0,1.0,1.0,1.0
25,0,22,1.0,1.0,1.0,1.0
25,0,23,1.0,1.0,1.0,1.0
25,0,24,1.0,1.0,1.0,1.0
25,1,0,1.0,1.0,1.0,1.0
25,1,1,1.0,1.0,1.0,1.0
25,1,2,1.0,1.0,1.0,1.0
25,1,3,1.0,1.0,1.0,1.0
25,1,4,1.0,1.0,1.0,1.0
25,1,5,1.0,1.0,1.0,1.0
25,1,6,1.0,1.0,1.0,1.0
25,1,7,1.0,1.0,1.0,1.0
25,1,8,1.0,1.0,1.0,1.0
25,1,9,1.0,1.0,1.0,1.0
25,1,10,0.98989898989899,0.9615384615384616,1.0,0.9803921568627451
25,1,11,1.0,1.0,1.0,1.0
25,1,12,1.0,1.0,1.0,1.0
25,1,13,1.0,1.0,1.0,1.0
25,1,14,1.0,1.0,1.0,1.0
25,1,15,1.0,1.0,1.0,1.0
25,1,16,1.0,1.0,1.0,1.0
25,1,17,1.0,1.0,1.0,1.0
25,1,18,1.0,1.0,1.0,1.0
25,1,19,1.0,1.0,1.0,1.0
25,1,20,1.0,1.0,1.0,1.0
25,1,21,1.0,1.0,1.0,1.0
25,1,22,1.0,1.0,1.0,1.0
25,1,23,1.0,1.0,1.0,1.0
25,1,24,1.0,1.0,1.0,1.0
25,2,0,1.0,1.0,1.0,1.0
25,2,1,1.0,1.0,1.0,1.0
25,2,2,1.0,1.0,1.0,1.0
25,2,3,1.0,1.0,1.0,1.0
25,2,4,1.0,1.0,1.0,1.0
25,2,5,1.0,1.0,1.0,1.0
25,2,6,1.0,1.0,1.0,1.0
25,2,7,1.0,1.0,1.0,1.0
25,2,8,1.0,1.0,1.0,1.0
25,2,9,1.0,1.0,1.0,1.0
25,2,10,1.0,1.0,1.0,1.0
25,2,11,1.0,1.0,1.0,1.0
25,2,12,1.0,1.0,1.0,1.0
25,2,13,1.0,1.0,1.0,1.0
25,2,14,1.0,1.0,1.0,1.0
25,2,15,1.0,1.0,1.0,1.0
25,2,16,1.0,1.0,1.0,1.0
25,2,17,1.0,1.0,1.0,1.0
25,2,18,1.0,1.0,1.0,1.0
25,2,19,1.0,1.0,1.0,1.0
25,2,20,1.0,1.0,1.0,1.0
25,2,21,1.0,1.0,1.0,1.0
25,2,22,1.0,1.0,1.0,1.0
25,2,23,1.0,1.0,1.0,1.0
25,2,24,0.98989898989899,0.9615384615384616,1.0,0.9803921568627451
25,3,0,1.0,1.0,1.0,1.0
25,3,1,1.0,1.0,1.0,1.0
25,3,2,1.0,1.0,1.0,1.0
25,3,3,1.0,1.0,1.0,1.0
25,3,4,1.0,1.0,1.0,1.0
25,3,5,1.0,1.0,1.0,1.0
25,3,6,1.0,1.0,1.0,1.0
25,3,7,1.0,1.0,1.0,1.0
25,3,8,1.0,1.0,1.0,1.0
25,3,9,1.0,1.0,1.0,1.0
25,3,10,1.0,1.0,1.0,1.0
25,3,11,1.0,1.0,1.0,1.0
25,3,12,1.0,1.0,1.0,1.0
25,3,13,1.0,1.0,1.0,1.0
25,3,14,1.0,1.0,1.0,1.0
25,3,15,1.0,1.0,1.0,1.0
25,3,16,1.0,1.0,1.0,1.0
25,3,17,1.0,1.0,1.0,1.0
25,3,18,1.0,1.0,1.0,1.0
25,3,19,1.0,1.0,1.0,1.0
25,3,20,1.0,1.0,1.0,1.0
25,3,21,1.0,1.0,1.0,1.0
25,3,22,1.0,1.0,1.0,1.0
25,3,23,1.0,1.0,1.0,1.0
25,3,24,1.0,1.0,1.0,1.0
25,4,0,1.0,1.0,1.0,1.0
25,4,1,1.0,1.0,1.0,1.0
25,4,2,1.0,1.0,1.0,1.0
25,4,3,1.0,1.0,1.0,1.0
25,4,4,1.0,1.0,1.0,1.0
25,4,5,1.0,1.0,1.0,1.0
25,4,6,1.0,1.0,1.0,1.0
25,4,7,1.0,1.0,1.0,1.0
25,4,8,1.0,1.0,1.0,1.0
25,4,9,1.0,1.0,1.0,1.0
25,4,10,1.0,1.0,1.0,1.0
25,4,11,1.0,1.0,1.0,1.0
25,4,12,1.0,1.0,1.0,1.0
25,4,13,0.98989898989899,0.9615384615384616,1.0,0.9803921568627451
25,4,14,1.0,1.0,1.0,1.0
25,4,15,1.0,1.0,1.0,1.0
25,4,16,1.0,1.0,1.0,1.0
25,4,17,1.0,1.0,1.0,1.0
25,4,18,1.0,1.0,1.0,1.0
25,4,19,1.0,1.0,1.0,1.0
25,4,20,1.0,1.0,1.0,1.0
25,4,21,1.0,1.0,1.0,1.0
25,4,22,1.0,1.0,1.0,1.0
25,4,23,1.0,1.0,1.0,1.0
25,4,24,1.0,1.0,1.0,1.0
25,5,0,1.0,1.0,1.0,1.0
25,5,1,1.0,1.0,1.0,1.0
25,5,2,1.0,1.0,1.0,1.0
25,5,3,1.0,1.0,1.0,1.0
25,5,4,1.0,1.0,1.0,1.0
25,5,5,1.0,1.0,1.0,1.0
25,5,6,1.0,1.0,1.0,1.0
25,5,7,1.0,1.0,1.0,1.0
25,5,8,1.0,1.0,1.0,1.0
25,5,9,1.0,1.0,1.0,1.0
25,5,10,1.0,1.0,1.0,1.0
25,5,11,1.0,1.0,1.0,1.0
25,5,12,1.0,1.0,1.0,1.0
25,5,13,1.0,1.0,1.0,1.0
25,5,14,1.0,1.0,1.0,1.0
25,5,15,1.0,1.0,1.0,1.0
25,5,16,1.0,1.0,1.0,1.0
25,5,17,1.0,1.0,1.0,1.0
25,5,18,1.0,1.0,1.0,1.0
25,5,19,1.0,1.0,1.0,1.0
25,5,20,1.0,1.0,1.0,1.0
25,5,21,1.0,1.0,1.0,1.0
25,5,22,1.0,1.0,1.0,1.0
25,5,23,1.0,1.0,1.0,1.0
25,5,24,1.0,1.0,1.0,1.0
25,6,0,1.0,1.0,1.0,1.0
25,6,1,1.0,1.0,1.0,1.0
25,6,2,1.0,1.0,1.0,1.0
25,6,3,1.0,1.0,1.0,1.0
25,6,4,1.0,1.0,1.0,1.0
25,6,5,1.0,1.0,1.0,1.0
25,6,6,1.0,1.0,1.0,1.0
25,6,7,1.0,1.0,1.0,1.0
25,6,8,1.0,1.0,1.0,1.0
25,6,9,1.0,1.0,1.0,1.0
25,6,10,1.0,1.0,1.0,1.0
25,6,11,1.0,1.0,1.0,1.0
25,6,12,1.0,1.0,1.0,1.0
25,6,13,1.0,1.0,1.0,1.0
25,6,14,1.0,1.0,1.0,1.0
25,6,15,1.0,1.0,1.0,1.0
25,6,16,1.0,1.0,1.0,1.0
25,6,17,1.0,1.0,1.0,1.0
25,6,18,1.0,1.0,1.0,1.0
25,6,19,1.0,1.0,1.0,1.0
25,6,20,1.0,1.0,1.0,1.0
25,6,21,1.0,1.0,1.0,1.0
25,6,22,1.0,1.0,1.0,1.0
25,6,23,1.0,1.0,1.0,1.0
25,6,24,1.0,1.0,1.0,1.0
25,7,0,1.0,1.0,1.0,1.0
25,7,1,1.0,1.0,1.0,1.0
25,7,2,1.0,1.0,1.0,1.0
25,7,3,1.0,1.0,1.0,1.0
25,7,4,1.0,1.0,1.0,1.0
25,7,5,1.0,1.0,1.0,1.0
25,7,6,1.0,1.0,1.0,1.0
25,7,7,1.0,1.0,1.0,1.0
25,7,8,1.0,1.0,1.0,1.0
25,7,9,1.0,1.0,1.0,1.0
25,7,10,1.0,1.0,1.0,1.0
25,7,11,1.0,1.0,1.0,1.0
25,7,12,1.0,1.0,1.0,1.0
25,7,13,1.0,1.0,1.0,1.0
25,7,14,1.0,1.0,1.0,1.0
25,7,15,1.0,1.0,1.0,1.0
25,7,16,1.0,1.0,1.0,1.0
25,7,17,1.0,1.0,1.0,1.0
25,7,18,1.0,1.0,1.0,1.0
25,7,19,1.0,1.0,1.0,1.0
25,7,20,1.0,1.0,1.0,1.0
25,7,21,1.0,1.0,1.0,1.0
25,7,22,1.0,1.0,1.0,1.0
25,7,23,1.0,1.0,1.0,1.0
25,7,24,1.0,1.0,1.0,1.0
25,8,0,1.0,1.0,1.0,1.0
25,8,1,1.0,1.0,1.0,1.0
25,8,2,1.0,1.0,1.0,1.0
25,8,3,1.0,1.0,1.0,1.0
25,8,4,1.0,1.0,1.0,1.0
25,8,5,1.0,1.0,1.0,1.0
25,8,6,1.0,1.0,1.0,1.0
25,8,7,1.0,1.0,1.0,1.0
25,8,8,1.0,1.0,1.0,1.0
25,8,9,1.0,1.0,1.0,1.0
25,8,10,1.0,1.0,1.0,1.0
25,8,11,1.0,1.0,1.0,1.0
25,8,12,1.0,1.0,1.0,1.0
25,8,13,0.98989898989899,0.9615384615384616,1.0,0.9803921568627451
25,8,14,1.0,1.0,1.0,1.0
25,8,15,1.0,1.0,1.0,1.0
25,8,16,1.0,1.0,1.0,1.0
25,8,17,1.0,1.0,1.0,1.0
25,8,18,1.0,1.0,1.0,1.0
25,8,19,1.0,1.0,1.0,1.0
25,8,20,1.0,1.0,1.0,1.0
25,8,21,1.0,1.0,1.0,1.0
25,8,22,1.0,1.0,1.0,1.0
25,8,23,1.0,1.0,1.0,1.0
25,8,24,1.0,1.0,1.0,1.0
25,9,0,0.98989898989899,0.9615384615384616,1.0,0.9803921568627451
25,9,1,1.0,1.0,1.0,1.0
25,9,2,1.0,1.0,1.0,1.0
25,9,3,1.0,1.0,1.0,1.0
25,9,4,1.0,1.0,1.0,1.0
25,9,5,1.0,1.0,1.0,1.0
25,9,6,1.0,1.0,1.0,1.0
25,9,7,1.0,1.0,1.0,1.0
25,9,8,1.0,1.0,1.0,1.0
25,9,9,1.0,1.0,1.0,1.0
25,9,10,1.0,1.0,1.0,1.0
25,9,11,1.0,1.0,1.0,1.0
25,9,12,1.0,1.0,1.0,1.0
25,9,13,1.0,1.0,1.0,1.0
25,9,14,1.0,1.0,1.0,1.0
25,9,15,1.0,1.0,1.0,1.0
25,9,16,1.0,1.0,1.0,1.0
25,9,17,1.0,1.0,1.0,1.0
25,9,18,1.0,1.0,1.0,1.0
25,9,19,1.0,1.0,1.0,1.0
25,9,20,1.0,1.0,1.0,1.0
25,9,21,1.0,1.0,1.0,1.0
25,9,22,1.0,1.0,1.0,1.0
25,9,23,0.98989898989899,0.9615384615384616,1.0,0.9803921568627451
25,9,24,1.0,1.0,1.0,1.0
25,10,0,1.0,1.0,1.0,1.0
25,10,1,1.0,1.0,1.0,1.0
25,10,2,1.0,1.0,1.0,1.0
25,10,3,1.0,1.0,1.0,1.0
25,10,4,1.0,1.0,1.0,1.0
25,10,5,0.98989898989899,0.9615384615384616,1.0,0.9803921568627451
25,10,6,1.0,1.0,1.0,1.0
25,10,7,1.0,1.0,1.0,1.0
25,10,8,1.0,1.0,1.0,1.0
25,10,9,1.0,1.0,1.0,1.0
25,10,10,1.0,1.0,1.0,1.0
25,10,11,1.0,1.0,1.0,1.0
25,10,12,1.0,1.0,1.0,1.0
25,10,13,1.0,1.0,1.0,1.0
25,10,14,1.0,1.0,1.0,1.0
25,10,15,1.0,1.0,1.0,1.0
25,10,16,1.0,1.0,1.0,1.0
25,10,17,1.0,1.0,1.0,1.0
25,10,18,1.0,1.0,1.0,1.0
25,10,19,1.0,1.0,1.0,1.0
25,10,20,1.0,1.0,1.0,1.0
25,10,21,1.0,1.0,1.0,1.0
25,10,22,1.0,1.0,1.0,1.0
25,10,23,1.0,1.0,1.0,1.0
25,10,24,1.0,1.0,1.0,1.0
25,11,0,1.0,1.0,1.0,1.0
25,11,1,1.0,1.0,1.0,1.0
25,11,2,1.0,1.0,1.0,1.0
25,11,3,1.0,1.0,1.0,1.0
25,11,4,1.0,1.0,1.0,1.0
25,11,5,0.98989898989899,0.9615384615384616,1.0,0.9803921568627451
25,11,6,1.0,1.0,1.0,1.0
25,11,7,1.0,1.0,1.0,1.0
25,11,8,1.0,1.0,1.0,1.0
25,11,9,0.98989898989899,0.9615384615384616,1.0,0.9803921568627451
25,11,10,1.0,1.0,1.0,1.0
25,11,11,1.0,1.0,1.0,1.0
25,11,12,1.0,1.0,1.0,1.0
25,11,13,1.0,1.0,1.0,1.0
25,11,14,1.0,1.0,1.0,1.0
25,11,15,1.0,1.0,1.0,1.0
25,11,16,1.0,1.0,1.0,1.0
25,11,17,1.0,1.0,1.0,1.0
25,11,18,1.0,1.0,1.0,1.0
25,11,19,1.0,1.0,1.0,1.0
25,11,20,1.0,1.0,1.0,1.0
25,11,21,1.0,1.0,1.0,1.0
25,11,22,1.0,1.0,1.0,1.0
25,11,23,1.0,1.0,1.0,1.0
25,11,24,1.0,1.0,1.0,1.0
25,12,0,1.0,1.0,1.0,1.0
25,12,1,1.0,1.0,1.0,1.0
25,12,2,1.0,1.0,1.0,1.0
25,12,3,1.0,1.0,1.0,1.0
25,12,4,1.0,1.0,1.0,1.0
25,12,5,1.0,1.0,1.0,1.0
25,12,6,1.0,1.0,1.0,1.0
25,12,7,1.0,1.0,1.0,1.0
25,12,8,1.0,1.0,1.0,1.0
25,12,9,1.0,1.0,1.0,1.0
25,12,10,1.0,1.0,1.0,1.0
25,12,11,1.0,1.0,1.0,1.0
25,12,12,1.0,1.0,1.0,1.0
25,12,13,1.0,1.0,1.0,1.0
25,12,14,1.0,1.0,1.0,1.0
25,12,15,1.0,1.0,1.0,1.0
25,12,16,1.0,1.0,1.0,1.0
25,12,17,1.0,1.0,1.0,1.0
25,12,18,1.0,1.0,1.0,1.0
25,12,19,1.0,1.0,1.0,1.0
25,12,20,1.0,1.0,1.0,1.0
25,12,21,1.0,1.0,1.0,1.0
25,12,22,1.0,1.0,1.0,1.0
25,12,23,1.0,1.0,1.0,1.0
25,12,24,1.0,1.0,1.0,1.0
25,13,0,1.0,1.0,1.0,1.0
25,13,1,1.0,1.0,1.0,1.0
25,13,2,1.0,1.0,1.0,1.0
25,13,3,1.0,1.0,1.0,1.0
25,13,4,1.0,1.0,1.0,1.0
25,13,5,1.0,1.0,1.0,1.0
25,13,6,1.0,1.0,1.0,1.0
25,13,7,1.0,1.0,1.0,1.0
25,13,8,1.0,1.0,1.0,1.0
25,13,9,1.0,1.0,1.0,1.0
25,13,10,1.0,1.0,1.0,1.0
25,13,11,1.0,1.0,1.0,1.0
25,13,12,1.0,1.0,1.0,1.0
25,13,13,1.0,1.0,1.0,1.0
25,13,14,1.0,1.0,1.0,1.0
25,13,15,1.0,1.0,1.0,1.0
25,13,16,1.0,1.0,1.0,1.0
25,13,17,1.0,1.0,1.0,1.0
25,13,18,1.0,1.0,1.0,1.0
25,13,19,1.0,1.0,1.0,1.0
25,13,20,1.0,1.0,1.0,1.0
25,13,21,1.0,1.0,1.0,1.0
25,13,22,1.0,1.0,1.0,1.0
25,13,23,1.0,1.0,1.0,1.0
25,13,24,1.0,1.0,1.0,1.0
25,14,0,1.0,1.0,1.0,1.0
25,14,1,1.0,1.0,1.0,1.0
25,14,2,1.0,1.0,1.0,1.0
25,14,3,1.0,1.0,1.0,1.0
25,14,4,0.98989898989899,0.9615384615384616,1.0,0.9803921568627451
25,14,5,1.0,1.0,1.0,1.0
25,14,6,1.0,1.0,1.0,1.0
25,14,7,1.0,1.0,1.0,1.0
25,14,8,1.0,1.0,1.0,1.0
25,14,9,1.0,1.0,1.0,1.0
25,14,10,1.0,1.0,1.0,1.0
25,14,11,1.0,1.0,1.0,1.0
25,14,12,1.0,1.0,1.0,1.0
25,14,13,1.0,1.0,1.0,1.0
25,14,14,1.0,1.0,1.0,1.0
25,14,15,1.0,1.0,1.0,1.0
25,14,16,1.0,1.0,1.0,1.0
25,14,17,1.0,1.0,1.0,1.0
25,14,18,1.0,1.0,1.0,1.0
25,14,19,1.0,1.0,1.0,1.0
25,14,20,1.0,1.0,1.0,1.0
25,14,21,1.0,1.0,1.0,1.0
25,14,22,1.0,1.0,1.0,1.0
25,14,23,1.0,1.0,1.0,1.0
25,14,24,1.0,1.0,1.0,1.0
25,15,0,1.0,1.0,1.0,1.0
25,15,1,1.0,1.0,1.0,1.0
25,15,2,1.0,1.0,1.0,1.0
25,15,3,1.0,1.0,1.0,1.0
25,15,4,1.0,1.0,1.0,1.0
25,15,5,1.0,1.0,1.0,1.0
25,15,6,1.0,1.0,1.0,1.0
25,15,7,1.0,1.0,1.0,1.0
25,15,8,1.0,1.0,1.0,1.0
25,15,9,1.0,1.0,1.0,1.0
25,15,10,1.0,1.0,1.0,1.0
25,15,11,1.0,1.0,1.0,1.0
25,15,12,1.0,1.0,1.0,1.0
25,15,13,1.0,1.0,1.0,1.0
25,15,14,1.0,1.0,1.0,1.0
25,15,15,1.0,1.0,1.0,1.0
25,15,16,1.0,1.0,1.0,1.0
25,15,17,1.0,1.0,1.0,1.0
25,15,18,1.0,1.0,1.0,1.0
25,15,19,1.0,1.0,1.0,1.0
25,15,20,1.0,1.0,1.0,1.0
25,15,21,1.0,1.0,1.0,1.0
25,15,22,1.0,1.0,1.0,1.0
25,15,23,1.0,1.0,1.0,1.0
25,15,24,1.0,1.0,1.0,1.0
25,16,0,0.98989898989899,0.9615384615384616,1.0,0.9803921568627451
25,16,1,1.0,1.0,1.0,1.0
25,16,2,1.0,1.0,1.0,1.0
25,16,3,1.0,1.0,1.0,1.0
25,16,4,0.9795918367346939,0.9259259259259259,1.0,0.9615384615384615
25,16,5,1.0,1.0,1.0,1.0
25,16,6,1.0,1.0,1.0,1.0
25,16,7,1.0,1.0,1.0,1.0
25,16,8,1.0,1.0,1.0,1.0
25,16,9,1.0,1.0,1.0,1.0
25,16,10,1.0,1.0,1.0,1.0
25,16,11,1.0,1.0,1.0,1.0
25,16,12,1.0,1.0,1.0,1.0
25,16,13,1.0,1.0,1.0,1.0
25,16,14,1.0,1.0,1.0,1.0
25,16,15,1.0,1.0,1.0,1.0
25,16,16,1.0,1.0,1.0,1.0
25,16,17,1.0,1.0,1.0,1.0
25,16,18,1.0,1.0,1.0,1.0
25,16,19,1.0,1.0,1.0,1.0
25,16,20,1.0,1.0,1.0,1.0
25,16,21,1.0,1.0,1.0,1.0
25,16,22,1.0,1.0,1.0,1.0
25,16,23,0.98989898989899,0.9615384615384616,1.0,0.9803921568627451
25,16,24,1.0,1.0,1.0,1.0
25,17,0,0.98989898989899,0.9615384615384616,1.0,0.9803921568627451
25,17,1,1.0,1.0,1.0,1.0
25,17,2,1.0,1.0,1.0,1.0
25,17,3,1.0,1.0,1.0,1.0
25,17,4,1.0,1.0,1.0,1.0
25,17,5,1.0,1.0,1.0,1.0
25,17,6,1.0,1.0,1.0,1.0
25,17,7,1.0,1.0,1.0,1.0
25,17,8,1.0,1.0,1.0,1.0
25,17,9,1.0,1.0,1.0,1.0
25,17,10,1.0,1.0,1.0,1.0
25,17,11,1.0,1.0,1.0,1.0
25,17,12,1.0,1.0,1.0,1.0
25,17,13,1.0,1.0,1.0,1.0
25,17,14,1.0,1.0,1.0,1.0
25,17,15,1.0,1.0,1.0,1.0
25,17,16,0.98989898989899,0.9615384615384616,1.0,0.9803921568627451
25,17,17,0.98989898989899,0.9615384615384616,1.0,0.9803921568627451
25,17,18,1.0,1.0,1.0,1.0
25,17,19,1.0,1.0,1.0,1.0
25,17,20,1.0,1.0,1.0,1.0
25,17,21,1.0,1.0,1.0,1.0
25,17,22,1.0,1.0,1.0,1.0
25,17,23,0.98989898989899,0.9615384615384616,1.0,0.9803921568627451
25,17,24,1.0,1.0,1.0,1.0
25,18,0,1.0,1.0,1.0,1.0
25,18,1,1.0,1.0,1.0,1.0
25,18,2,1.0,1.0,1.0,1.0
25,18,3,1.0,1.0,1.0,1.0
25,18,4,1.0,1.0,1.0,1.0
25,18,5,1.0,1.0,1.0,1.0
25,18,6,1.0,1.0,1.0,1.0
25,18,7,1.0,1.0,1.0,1.0
25,18,8,0.98989898989899,0.9615384615384616,1.0,0.9803921568627451
25,18,9,1.0,1.0,1.0,1.0
25,18,10,1.0,1.0,1.0,1.0
25,18,11,0.98989898989899,0.9615384615384616,1.0,0.9803921568627451
25,18,12,1.0,1.0,1.0,1.0
25,18,13,1.0,1.0,1.0,1.0
25,18,14,1.0,1.0,1.0,1.0
25,18,15,1.0,1.0,1.0,1.0
25,18,16,1.0,1.0,1.0,1.0
25,18,17,1.0,1.0,1.0,1.0
25,18,18,1.0,1.0,1.0,1.0
25,18,19,1.0,1.0,1.0,1.0
25,18,20,1.0,1.0,1.0,1.0
25,18,21,1.0,1.0,1.0,1.0
25,18,22,1.0,1.0,1.0,1.0
25,18,23,1.0,1.0,1.0,1.0
25,18,24,1.0,1.0,1.0,1.0
25,19,0,0.98989898989899,0.9615384615384616,1.0,0.9803921568627451
25,19,1,1.0,1.0,1.0,1.0
25,19,2,1.0,1.0,1.0,1.0
25,19,3,1.0,1.0,1.0,1.0
25,19,4,1.0,1.0,1.0,1.0
25,19,5,1.0,1.0,1.0,1.0
25,19,6,1.0,1.0,1.0,1.0
25,19,7,1.0,1.0,1.0,1.0
25,19,8,0.98989898989899,0.9615384615384616,1.0,0.9803921568627451
25,19,9,1.0,1.0,1.0,1.0
25,19,10,1.0,1.0,1.0,1.0
25,19,11,1.0,1.0,1.0,1.0
25,19,12,1.0,1.0,1.0,1.0
25,19,13,1.0,1.0,1.0,1.0
25,19,14,1.0,1.0,1.0,1.0
25,19,15,1.0,1.0,1.0,1.0
25,19,16,0.98989898989899,0.9615384615384616,1.0,0.9803921568627451
25,19,17,0.98989898989899,0.9615384615384616,1.0,0.9803921568627451
25,19,18,1.0,1.0,1.0,1.0
25,19,19,1.0,1.0,1.0,1.0
25,19,20,1.0,1.0,1.0,1.0
25,19,21,1.0,1.0,1.0,1.0
25,19,22,1.0,1.0,1.0,1.0
25,19,23,1.0,1.0,1.0,1.0
25,19,24,1.0,1.0,1.0,1.0
30,0,0,0.024691358024691357,0.0,0.0,0.0
30,0,1,0.8235294117647058,0.6666666666666666,1.0,0.8
30,0,2,0.024691358024691357,0.0,0.0,0.0
30,0,3,0.024691358024691357,0.0,0.0,0.0
30,0,4,0.024691358024691357,0.0,0.0,0.0
30,0,5,0.7951807228915663,0.6382978723404256,1.0,0.7792207792207793
30,0,6,0.8505747126436781,0.6976744186046512,1.0,0.8219178082191781
30,0,7,0.8372093023255814,0.6818181818181818,1.0,0.8108108108108109
30,0,8,0.7654320987654321,0.6122448979591837,1.0,0.759493670886076
30,0,9,0.8235294117647058,0.6666666666666666,1.0,0.8
30,0,10,0.7951807228915663,0.6382978723404256,1.0,0.7792207792207793
30,0,11,0.8372093023255814,0.6818181818181818,1.0,0.8108108108108109
30,0,12,0.0,0.0,0.0,0.0
30,0,13,0.11764705882352941,0.0,0.0,0.0
30,0,14,0.024691358024691357,0.0,0.0,0.0
30,0,15,0.7951807228915663,0.6382978723404256,1.0,0.7792207792207793
30,0,16,0.024691358024691357,0.0,0.0,0.0
30,0,17,0.7654320987654321,0.6122448979591837,1.0,0.759493670886076
30,0,18,0.7951807228915663,0.6382978723404256,1.0,0.7792207792207793
30,0,19,0.7654320987654321,0.6122448979591837,1.0,0.759493670886076
30,0,20,0.8235294117647058,0.6666666666666666,1.0,0.8
30,0,21,0.8372093023255814,0.6818181818181818,1.0,0.8108108108108109
30,0,22,0.07228915662650602,0.0,0.0,0.0
30,0,23,0.8636363636363636,0.7142857142857143,1.0,0.8333333333333333
30,0,24,0.0,0.0,0.0,0.0
30,1,0,0.8505747126436781,0.6976744186046512,1.0,0.8219178082191781
30,1,1,0.024691358024691357,0.0,0.0,0.0
30,1,2,0.8235294117647058,0.6666666666666666,1.0,0.8
30,1,3,0.7804878048780488,0.625,1.0,0.7692307692307693
30,1,4,0.024691358024691357,0.0,0.0,0.0
30,1,5,0.75,0.6,1.0,0.7499999999999999
30,1,6,0.8372093023255814,0.6818181818181818,1.0,0.8108108108108109
30,1,7,0.8372093023255814,0.6818181818181818,1.0,0.8108108108108109
30,1,8,0.7951807228915663,0.6382978723404256,1.0,0.7792207792207793
30,1,9,0.07228915662650602,0.0,0.0,0.0
30,1,10,0.8235294117647058,0.6666666666666666,1.0,0.8
30,1,11,0.11764705882352941,0.0,0.0,0.0
30,1,12,0.8505747126436781,0.6976744186046512,1.0,0.8219178082191781
30,1,13,0.8095238095238095,0.6521739130434783,1.0,0.7894736842105263
30,1,14,0.8505747126436781,0.6976744186046512,1.0,0.8219178082191781
30,1,15,0.7951807228915663,0.6382978723404256,1.0,0.7792207792207793
30,1,16,0.8372093023255814,0.6818181818181818,1.0,0.8108108108108109
30,1,17,0.7951807228915663,0.6382978723404256,1.0,0.7792207792207793
30,1,18,0.8372093023255814,0.6818181818181818,1.0,0.8108108108108109
30,1,19,0.7951807228915663,0.6382978723404256,1.0,0.7792207792207793
30,1,20,0.75,0.6,1.0,0.7499999999999999
30,1,21,0.7951807228915663,0.6382978723404256,1.0,0.7792207792207793
30,1,22,0.7804878048780488,0.625,1.0,0.7692307692307693
30,1,23,0.8505747126436781,0.6976744186046512,1.0,0.8219178082191781
30,1,24,0.8505747126436781,0.6976744186046512,1.0,0.8219178082191781
30,2,0,0.7951807228915663,0.6382978723404256,1.0,0.7792207792207793
30,2,1,0.09523809523809523,0.0,0.0,0.0
30,2,2,0.09523809523809523,0.0,0.0,0.0
30,2,3,0.7951807228915663,0.6382978723404256,1.0,0.7792207792207793
30,2,4,0.07228915662650602,0.0,0.0,0.0
30,2,5,0.09523809523809523,0.0,0.0,0.0
30,2,6,0.2222222222222222,0.0,0.0,0.0
30,2,7,0.7951807228915663,0.6382978723404256,1.0,0.7792207792207793
30,2,8,0.8235294117647058,0.6666666666666666,1.0,0.8
30,2,9,0.11764705882352941,0.0,0.0,0.0
30,2,10,0.8764044943820225,0.7317073170731707,1.0,0.8450704225352113
30,2,11,0.04878048780487805,0.0,0.0,0.0
30,2,12,0.7804878048780488,0.625,1.0,0.7692307692307693
30,2,13,0.0,0.0,0.0,0.0
30,2,14,0.8372093023255814,0.6818181818181818,1.0,0.8108108108108109
30,2,15,0.04878048780487805,0.0,0.0,0.0
30,2,16,0.8095238095238095,0.6521739130434783,1.0,0.7894736842105263
30,2,17,0.8095238095238095,0.6521739130434783,1.0,0.7894736842105263
30,2,18,0.8235294117647058,0.6666666666666666,1.0,0.8
30,2,19,0.75,0.6,1.0,0.7499999999999999
30,2,20,0.7654320987654321,0.6122448979591837,1.0,0.759493670886076
30,2,21,0.09523809523809523,0.0,0.0,0.0
30,2,22,0.75,0.6,1.0,0.7499999999999999
30,2,23,0.7951807228915663,0.6382978723404256,1.0,0.7792207792207793
30,2,24,0.8235294117647058,0.6666666666666666,1.0,0.8
30,3,0,0.27956989247311825,0.0,0.0,0.0
30,3,1,0.8372093023255814,0.6818181818181818,1.0,0.8108108108108109
30,3,2,0.18181818181818182,0.0,0.0,0.0
30,3,3,0.04878048780487805,0.0,0.0,0.0
30,3,4,0.16091954022988506,0.0,0.0,0.0
30,3,5,0.8095238095238095,0.6521739130434783,1.0,0.7894736842105263
30,3,6,0.04878048780487805,0.0,0.0,0.0
30,3,7,0.7951807228915663,0.6382978723404256,1.0,0.7792207792207793
30,3,8,0.9010989010989011,0.7692307692307693,1.0,0.8695652173913044
30,3,9,0.7951807228915663,0.6382978723404256,1.0,0.7792207792207793
30,3,10,0.07228915662650602,0.0,0.0,0.0
30,3,11,0.8095238095238095,0.6521739130434783,1.0,0.7894736842105263
30,3,12,0.07228915662650602,0.0,0.0,0.0
30,3,13,0.7804878048780488,0.625,1.0,0.7692307692307693
30,3,14,0.8636363636363636,0.7142857142857143,1.0,0.8333333333333333
30,3,15,0.7804878048780488,0.625,1.0,0.7692307692307693
30,3,16,0.11764705882352941,0.0,0.0,0.0
30,3,17,0.35051546391752575,0.0,0.0,0.0
30,3,18,0.8095238095238095,0.6521739130434783,1.0,0.7894736842105263
30,3,19,0.7951807228915663,0.6382978723404256,1.0,0.7792207792207793
30,3,20,0.024691358024691357,0.0,0.0,0.0
30,3,21,0.8235294117647058,0.6666666666666666,1.0,0.8
30,3,22,0.7951807228915663,0.6382978723404256,1.0,0.7792207792207793
30,3,23,0.8505747126436781,0.6976744186046512,1.0,0.8219178082191781
30,3,24,0.8505747126436781,0.6976744186046512,1.0,0.8219178082191781
30,4,0,0.09523809523809523,0.0,0.0,0.0
30,4,1,0.8888888888888888,0.75,1.0,0.8571428571428571
30,4,2,0.04878048780487805,0.0,0.0,0.0
30,4,3,0.09523809523809523,0.0,0.0,0.0
30,4,4,0.8095238095238095,0.6521739130434783,1.0,0.7894736842105263
30,4,5,0.13953488372093023,0.0,0.0,0.0
30,4,6,0.18181818181818182,0.0,0.0,0.0
30,4,7,0.7804878048780488,0.625,1.0,0.7692307692307693
30,4,8,0.04878048780487805,0.0,0.0,0.0
30,4,9,0.7654320987654321,0.6122448979591837,1.0,0.759493670886076
30,4,10,0.024691358024691357,0.0,0.0,0.0
30,4,11,0.07228915662650602,0.0,0.0,0.0
30,4,12,0.13953488372093023,0.0,0.0,0.0
30,4,13,0.13953488372093023,0.0,0.0,0.0
30,4,14,0.13953488372093023,0.0,0.0,0.0
30,4,15,0.75,0.6,1.0,0.7499999999999999
30,4,16,0.11764705882352941,0.0,0.0,0.0
30,4,17,0.11764705882352941,0.0,0.0,0.0
30,4,18,0.75,0.6,1.0,0.7499999999999999
30,4,19,0.7654320987654321,0.6122448979591837,1.0,0.759493670886076
30,4,20,0.18181818181818182,0.0,0.0,0.0
30,4,21,0.27956989247311825,0.0,0.0,0.0
30,4,22,0.07228915662650602,0.0,0.0,0.0
30,4,23,0.7654320987654321,0.6122448979591837,1.0,0.759493670886076
30,4,24,0.8095238095238095,0.6521739130434783,1.0,0.7894736842105263
30,5,0,0.75,0.6,1.0,0.7499999999999999
30,5,1,0.7654320987654321,0.6122448979591837,1.0,0.759493670886076
30,5,2,0.8505747126436781,0.6976744186046512,1.0,0.8219178082191781
30,5,3,0.8235294117647058,0.6666666666666666,1.0,0.8
30,5,4,0.13953488372093023,0.0,0.0,0.0
30,5,5,0.7804878048780488,0.625,1.0,0.7692307692307693
30,5,6,0.8372093023255814,0.6818181818181818,1.0,0.8108108108108109
30,5,7,0.8764044943820225,0.7317073170731707,1.0,0.8450704225352113
30,5,8,0.8095238095238095,0.6521739130434783,1.0,0.7894736842105263
30,5,9,0.07228915662650602,0.0,0.0,0.0
30,5,10,0.75,0.6,1.0,0.7499999999999999
30,5,11,0.11764705882352941,0.0,0.0,0.0
30,5,12,0.07228915662650602,0.0,0.0,0.0
30,5,13,0.16091954022988506,0.0,0.0,0.0
30,5,14,0.9010989010989011,0.7692307692307693,1.0,0.8695652173913044
30,5,15,0.8095238095238095,0.6521739130434783,1.0,0.7894736842105263
30,5,16,0.7951807228915663,0.6382978723404256,1.0,0.7792207792207793
30,5,17,0.07228915662650602,0.0,0.0,0.0
30,5,18,0.7951807228915663,0.6382978723404256,1.0,0.7792207792207793
30,5,19,0.75,0.6,1.0,0.7499999999999999
30,5,20,0.13953488372093023,0.0,0.0,0.0
30,5,21,0.7804878048780488,0.625,1.0,0.7692307692307693
30,5,22,0.8235294117647058,0.6666666666666666,1.0,0.8
30,5,23,0.7804878048780488,0.625,1.0,0.7692307692307693
30,5,24,0.16091954022988506,0.0,0.0,0.0
30,6,0,0.9247311827956989,0.8108108108108109,1.0,0.8955223880597014
30,6,1,0.20224719101123595,0.0,0.0,0.0
30,6,2,0.8095238095238095,0.6521739130434783,1.0,0.7894736842105263
30,6,3,0.20224719101123595,0.0,0.0,0.0
30,6,4,0.07228915662650602,0.0,0.0,0.0
30,6,5,0.7654320987654321,0.6122448979591837,1.0,0.759493670886076
30,6,6,0.8372093023255814,0.6818181818181818,1.0,0.8108108108108109
30,6,7,0.07228915662650602,0.0,0.0,0.0
30,6,8,0.024691358024691357,0.0,0.0,0.0
30,6,9,0.7951807228915663,0.6382978723404256,1.0,0.7792207792207793
30,6,10,0.024691358024691357,0.0,0.0,0.0
30,6,11,0.7951807228915663,0.6382978723404256,1.0,0.7792207792207793
30,6,12,0.8235294117647058,0.6666666666666666,1.0,0.8
30,6,13,0.75,0.6,1.0,0.7499999999999999
30,6,14,0.8235294117647058,0.6666666666666666,1.0,0.8
30,6,15,0.8636363636363636,0.7142857142857143,1.0,0.8333333333333333
30,6,16,0.8888888888888888,0.75,1.0,0.8571428571428571
30,6,17,0.75,0.6,1.0,0.7499999999999999
30,6,18,0.75,0.6,1.0,0.7499999999999999
30,6,19,0.13953488372093023,0.0,0.0,0.0
30,6,20,0.09523809523809523,0.0,0.0,0.0
30,6,21,0.8372093023255814,0.6818181818181818,1.0,0.8108108108108109
30,6,22,0.16091954022988506,0.0,0.0,0.0
30,6,23,0.8636363636363636,0.7142857142857143,1.0,0.8333333333333333
30,6,24,0.8505747126436781,0.6976744186046512,1.0,0.8219178082191781
30,7,0,0.09523809523809523,0.0,0.0,0.0
30,7,1,0.7654320987654321,0.6122448979591837,1.0,0.759493670886076
30,7,2,0.8235294117647058,0.6666666666666666,1.0,0.8
30,7,3,0.4,0.0,0.0,0.0
30,7,4,0.7804878048780488,0.625,1.0,0.7692307692307693
30,7,5,0.2608695652173913,0.0,0.0,0.0
30,7,6,0.7654320987654321,0.6122448979591837,1.0,0.759493670886076
30,7,7,0.2608695652173913,0.0,0.0,0.0
30,7,8,0.09523809523809523,0.0,0.0,0.0
30,7,9,0.7804878048780488,0.625,1.0,0.7692307692307693
30,7,10,0.7804878048780488,0.625,1.0,0.7692307692307693
30,7,11,0.09523809523809523,0.0,0.0,0.0
30,7,12,0.04878048780487805,0.0,0.0,0.0
30,7,13,0.04878048780487805,0.0,0.0,0.0
30,7,14,0.8764044943820225,0.7317073170731707,1.0,0.8450704225352113
30,7,15,0.7654320987654321,0.6122448979591837,1.0,0.759493670886076
30,7,16,0.75,0.6,1.0,0.7499999999999999
30,7,17,0.8095238095238095,0.6521739130434783,1.0,0.7894736842105263
30,7,18,0.75,0.6,1.0,0.7499999999999999
30,7,19,0.8095238095238095,0.6521739130434783,1.0,0.7894736842105263
30,7,20,0.16091954022988506,0.0,0.0,0.0
30,7,21,0.09523809523809523,0.0,0.0,0.0
30,7,22,0.7654320987654321,0.6122448979591837,1.0,0.759493670886076
30,7,23,0.24175824175824176,0.0,0.0,0.0
30,7,24,0.7951807228915663,0.6382978723404256,1.0,0.7792207792207793
30,8,0,0.024691358024691357,0.0,0.0,0.0
30,8,1,0.20224719101123595,0.0,0.0,0.0
30,8,2,0.09523809523809523,0.0,0.0,0.0
30,8,3,0.8372093023255814,0.6818181818181818,1.0,0.8108108108108109
30,8,4,0.04878048780487805,0.0,0.0,0.0
30,8,5,0.8636363636363636,0.7142857142857143,1.0,0.8333333333333333
30,8,6,0.8372093023255814,0.6818181818181818,1.0,0.8108108108108109
30,8,7,0.8095238095238095,0.6521739130434783,1.0,0.7894736842105263
30,8,8,0.024691358024691357,0.0,0.0,0.0
30,8,9,0.8235294117647058,0.6666666666666666,1.0,0.8
30,8,10,0.7804878048780488,0.625,1.0,0.7692307692307693
30,8,11,0.8235294117647058,0.6666666666666666,1.0,0.8
30,8,12,0.9247311827956989,0.8108108108108109,1.0,0.8955223880597014
30,8,13,0.04878048780487805,0.0,0.0,0.0
30,8,14,0.24175824175824176,0.0,0.0,0.0
30,8,15,0.13953488372093023,0.0,0.0,0.0
30,8,16,0.75,0.6,1.0,0.7499999999999999
30,8,17,0.09523809523809523,0.0,0.0,0.0
30,8,18,0.7804878048780488,0.625,1.0,0.7692307692307693
30,8,19,0.2608695652173913,0.0,0.0,0.0
30,8,20,0.7804878048780488,0.625,1.0,0.7692307692307693
30,8,21,0.13953488372093023,0.0,0.0,0.0
30,8,22,0.20224719101123595,0.0,0.0,0.0
30,8,23,0.04878048780487805,0.0,0.0,0.0
30,8,24,0.8095238095238095,0.6521739130434783,1.0,0.7894736842105263
30,9,0,0.11764705882352941,0.0,0.0,0.0
30,9,1,0.7654320987654321,0.6122448979591837,1.0,0.759493670886076
30,9,2,0.11764705882352941,0.0,0.0,0.0
30,9,3,0.75,0.6,1.0,0.7499999999999999
30,9,4,0.7951807228915663,0.6382978723404256,1.0,0.7792207792207793
30,9,5,0.16091954022988506,0.0,0.0,0.0
30,9,6,0.3157894736842105,0.0,0.0,0.0
30,9,7,0.18181818181818182,0.0,0.0,0.0
30,9,8,0.8235294117647058,0.6666666666666666,1.0,0.8
30,9,9,0.8505747126436781,0.6976744186046512,1.0,0.8219178082191781
30,9,10,0.7654320987654321,0.6122448979591837,1.0,0.759493670886076
30,9,11,0.8636363636363636,0.7142857142857143,1.0,0.8333333333333333
30,9,12,0.20224719101123595,0.0,0.0,0.0
30,9,13,0.8095238095238095,0.6521739130434783,1.0,0.7894736842105263
30,9,14,0.2222222222222222,0.0,0.0,0.0
30,9,15,0.8095238095238095,0.6521739130434783,1.0,0.7894736842105263
30,9,16,0.7951807228915663,0.6382978723404256,1.0,0.7792207792207793
30,9,17,0.7951807228915663,0.6382978723404256,1.0,0.7792207792207793
30,9,18,0.75,0.6,1.0,0.7499999999999999
30,9,19,0.8095238095238095,0.6521739130434783,1.0,0.7894736842105263
30,9,20,0.8095238095238095,0.6521739130434783,1.0,0.7894736842105263
30,9,21,0.8235294117647058,0.6666666666666666,1.0,0.8
30,9,22,0.8372093023255814,0.6818181818181818,1.0,0.8108108108108109
30,9,23,0.04878048780487805,0.0,0.0,0.0
30,9,24,0.07228915662650602,0.0,0.0,0.0
30,10,0,0.8235294117647058,0.6666666666666666,1.0,0.8
30,10,1,0.11764705882352941,0.0,0.0,0.0
30,10,2,0.13953488372093023,0.0,0.0,0.0
30,10,3,0.7654320987654321,0.6122448979591837,1.0,0.759493670886076
30,10,4,0.04878048780487805,0.0,0.0,0.0
30,10,5,0.7654320987654321,0.6122448979591837,1.0,0.759493670886076
30,10,6,0.16091954022988506,0.0,0.0,0.0
30,10,7,0.04878048780487805,0.0,0.0,0.0
30,10,8,0.024691358024691357,0.0,0.0,0.0
30,10,9,0.8636363636363636,0.7142857142857143,1.0,0.8333333333333333
30,10,10,0.8764044943820225,0.7317073170731707,1.0,0.8450704225352113
30,10,11,0.09523809523809523,0.0,0.0,0.0
30,10,12,0.8888888888888888,0.75,1.0,0.8571428571428571
30,10,13,0.8888888888888888,0.75,1.0,0.8571428571428571
30,10,14,0.7804878048780488,0.625,1.0,0.7692307692307693
30,10,15,0.8235294117647058,0.6666666666666666,1.0,0.8
30,10,16,0.8505747126436781,0.6976744186046512,1.0,0.8219178082191781
30,10,17,0.18181818181818182,0.0,0.0,0.0
30,10,18,0.8095238095238095,0.6521739130434783,1.0,0.7894736842105263
30,10,19,0.11764705882352941,0.0,0.0,0.0
30,10,20,0.04878048780487805,0.0,0.0,0.0
30,10,21,0.07228915662650602,0.0,0.0,0.0
30,10,22,0.16091954022988506,0.0,0.0,0.0
30,10,23,0.7951807228915663,0.6382978723404256,1.0,0.7792207792207793
30,10,24,0.7804878048780488,0.625,1.0,0.7692307692307693
30,11,0,0.024691358024691357,0.0,0.0,0.0
30,11,1,0.024691358024691357,0.0,0.0,0.0
30,11,2,0.09523809523809523,0.0,0.0,0.0
30,11,3,0.7654320987654321,0.6122448979591837,1.0,0.759493670886076
30,11,4,0.09523809523809523,0.0,0.0,0.0
30,11,5,0.07228915662650602,0.0,0.0,0.0
30,11,6,0.27956989247311825,0.0,0.0,0.0
30,11,7,0.4,0.0,0.0,0.0
30,11,8,0.024691358024691357,0.0,0.0,0.0
30,11,9,0.20224719101123595,0.0,0.0,0.0
30,11,10,0.7654320987654321,0.6122448979591837,1.0,0.759493670886076
30,11,11,0.09523809523809523,0.0,0.0,0.0
30,11,12,0.7654320987654321,0.6122448979591837,1.0,0.759493670886076
30,11,13,0.04878048780487805,0.0,0.0,0.0
30,11,14,0.7804878048780488,0.625,1.0,0.7692307692307693
30,11,15,0.8235294117647058,0.6666666666666666,1.0,0.8
30,11,16,0.16091954022988506,0.0,0.0,0.0
30,11,17,0.8235294117647058,0.6666666666666666,1.0,0.8
30,11,18,0.7804878048780488,0.625,1.0,0.7692307692307693
30,11,19,0.35051546391752575,0.0,0.0,0.0
30,11,20,0.75,0.6,1.0,0.7499999999999999
30,11,21,0.8235294117647058,0.6666666666666666,1.0,0.8
30,11,22,0.09523809523809523,0.0,0.0,0.0
30,11,23,0.8095238095238095,0.6521739130434783,1.0,0.7894736842105263
30,11,24,0.024691358024691357,0.0,0.0,0.0
30,12,0,0.8095238095238095,0.6521739130434783,1.0,0.7894736842105263
30,12,1,0.9010989010989011,0.7692307692307693,1.0,0.8695652173913044
30,12,2,0.04878048780487805,0.0,0.0,0.0
30,12,3,0.11764705882352941,0.0,0.0,0.0
30,12,4,0.8235294117647058,0.6666666666666666,1.0,0.8
30,12,5,0.09523809523809523,0.0,0.0,0.0
30,12,6,0.09523809523809523,0.0,0.0,0.0
30,12,7,0.8235294117647058,0.6666666666666666,1.0,0.8
30,12,8,0.024691358024691357,0.0,0.0,0.0
30,12,9,0.024691358024691357,0.0,0.0,0.0
30,12,10,0.7804878048780488,0.625,1.0,0.7692307692307693
30,12,11,0.8636363636363636,0.7142857142857143,1.0,0.8333333333333333
30,12,12,0.75,0.6,1.0,0.7499999999999999
30,12,13,0.8095238095238095,0.6521739130434783,1.0,0.7894736842105263
30,12,14,0.75,0.6,1.0,0.7499999999999999
30,12,15,0.04878048780487805,0.0,0.0,0.0
30,12,16,0.04878048780487805,0.0,0.0,0.0
30,12,17,0.0,0.0,0.0,0.0
30,12,18,0.07228915662650602,0.0,0.0,0.0
30,12,19,0.27956989247311825,0.0,0.0,0.0
30,12,20,0.8764044943820225,0.7317073170731707,1.0,0.8450704225352113
30,12,21,0.024691358024691357,0.0,0.0,0.0
30,12,22,0.8505747126436781,0.6976744186046512,1.0,0.8219178082191781
30,12,23,0.2222222222222222,0.0,0.0,0.0
30,12,24,0.024691358024691357,0.0,0.0,0.0
30,13,0,0.07228915662650602,0.0,0.0,0.0
30,13,1,0.13953488372093023,0.0,0.0,0.0
30,13,2,0.7804878048780488,0.625,1.0,0.7692307692307693
30,13,3,0.8372093023255814,0.6818181818181818,1.0,0.8108108108108109
30,13,4,0.8095238095238095,0.6521739130434783,1.0,0.7894736842105263
30,13,5,0.024691358024691357,0.0,0.0,0.0
30,13,6,0.75,0.6,1.0,0.7499999999999999
30,13,7,0.9247311827956989,0.8108108108108109,1.0,0.8955223880597014
30,13,8,0.7804878048780488,0.625,1.0,0.7692307692307693
30,13,9,0.7951807228915663,0.6382978723404256,1.0,0.7792207792207793
30,13,10,0.18181818181818182,0.0,0.0,0.0
30,13,11,0.8636363636363636,0.7142857142857143,1.0,0.8333333333333333
30,13,12,0.7951807228915663,0.6382978723404256,1.0,0.7792207792207793
30,13,13,0.75,0.6,1.0,0.7499999999999999
30,13,14,0.7654320987654321,0.6122448979591837,1.0,0.759493670886076
30,13,15,0.8235294117647058,0.6666666666666666,1.0,0.8
30,13,16,0.04878048780487805,0.0,0.0,0.0
30,13,17,0.7804878048780488,0.625,1.0,0.7692307692307693
30,13,18,0.7804878048780488,0.625,1.0,0.7692307692307693
30,13,19,0.8764044943820225,0.7317073170731707,1.0,0.8450704225352113
30,13,20,0.07228915662650602,0.0,0.0,0.0
30,13,21,0.8372093023255814,0.6818181818181818,1.0,0.8108108108108109
30,13,22,0.8636363636363636,0.7142857142857143,1.0,0.8333333333333333
30,13,23,0.7804878048780488,0.625,1.0,0.7692307692307693
30,13,24,0.7804878048780488,0.625,1.0,0.7692307692307693
30,14,0,0.024691358024691357,0.0,0.0,0.0
30,14,1,0.07228915662650602,0.0,0.0,0.0
30,14,2,0.024691358024691357,0.0,0.0,0.0
30,14,3,0.7951807228915663,0.6382978723404256,1.0,0.7792207792207793
30,14,4,0.8888888888888888,0.75,1.0,0.8571428571428571
30,14,5,0.09523809523809523,0.0,0.0,0.0
30,14,6,0.7804878048780488,0.625,1.0,0.7692307692307693
30,14,7,0.11764705882352941,0.0,0.0,0.0
30,14,8,0.7654320987654321,0.6122448979591837,1.0,0.759493670886076
30,14,9,0.04878048780487805,0.0,0.0,0.0
30,14,10,0.13953488372093023,0.0,0.0,0.0
30,14,11,0.8764044943820225,0.7317073170731707,1.0,0.8450704225352113
30,14,12,0.7951807228915663,0.6382978723404256,1.0,0.7792207792207793
30,14,13,0.8764044943820225,0.7317073170731707,1.0,0.8450704225352113
30,14,14,0.04878048780487805,0.0,0.0,0.0
30,14,15,0.8764044943820225,0.7317073170731707,1.0,0.8450704225352113
30,14,16,0.7654320987654321,0.6122448979591837,1.0,0.759493670886076
30,14,17,0.7804878048780488,0.625,1.0,0.7692307692307693
30,14,18,0.09523809523809523,0.0,0.0,0.0
30,14,19,0.8235294117647058,0.6666666666666666,1.0,0.8
30,14,20,0.35051546391752575,0.0,0.0,0.0
30,14,21,0.8372093023255814,0.6818181818181818,1.0,0.8108108108108109
30,14,22,0.9130434782608695,0.7894736842105263,1.0,0.8823529411764706
30,14,23,0.7654320987654321,0.6122448979591837,1.0,0.759493670886076
30,14,24,0.09523809523809523,0.0,0.0,0.0
30,15,0,0.13953488372093023,0.0,0.0,0.0
30,15,1,0.8505747126436781,0.6976744186046512,1.0,0.8219178082191781
30,15,2,0.024691358024691357,0.0,0.0,0.0
30,15,3,0.8095238095238095,0.6521739130434783,1.0,0.7894736842105263
30,15,4,0.8888888888888888,0.75,1.0,0.8571428571428571
30,15,5,0.18181818181818182,0.0,0.0,0.0
30,15,6,0.024691358024691357,0.0,0.0,0.0
30,15,7,0.8505747126436781,0.6976744186046512,1.0,0.8219178082191781
30,15,8,0.3333333333333333,0.0,0.0,0.0
30,15,9,0.8095238095238095,0.6521739130434783,1.0,0.7894736842105263
30,15,10,0.024691358024691357,0.0,0.0,0.0
30,15,11,0.024691358024691357,0.0,0.0,0.0
30,15,12,0.7654320987654321,0.6122448979591837,1.0,0.759493670886076
30,15,13,0.8095238095238095,0.6521739130434783,1.0,0.7894736842105263
30,15,14,0.8372093023255814,0.6818181818181818,1.0,0.8108108108108109
30,15,15,0.8372093023255814,0.6818181818181818,1.0,0.8108108108108109
30,15,16,0.09523809523809523,0.0,0.0,0.0
30,15,17,0.7951807228915663,0.6382978723404256,1.0,0.7792207792207793
30,15,18,0.8372093023255814,0.6818181818181818,1.0,0.8108108108108109
30,15,19,0.16091954022988506,0.0,0.0,0.0
30,15,20,0.8235294117647058,0.6666666666666666,1.0,0.8
30,15,21,0.024691358024691357,0.0,0.0,0.0
30,15,22,0.8372093023255814,0.6818181818181818,1.0,0.8108108108108109
30,15,23,0.024691358024691357,0.0,0.0,0.0
30,15,24,0.8764044943820225,0.7317073170731707,1.0,0.8450704225352113
30,16,0,0.09523809523809523,0.0,0.0,0.0
30,16,1,0.04878048780487805,0.0,0.0,0.0
30,16,2,0.8372093023255814,0.6818181818181818,1.0,0.8108108108108109
30,16,3,0.13953488372093023,0.0,0.0,0.0
30,16,4,0.9361702127659575,0.8333333333333334,1.0,0.9090909090909091
30,16,5,0.7654320987654321,0.6122448979591837,1.0,0.759493670886076
30,16,6,0.7804878048780488,0.625,1.0,0.7692307692307693
30,16,7,0.3157894736842105,0.0,0.0,0.0
30,16,8,0.8095238095238095,0.6521739130434783,1.0,0.7894736842105263
30,16,9,0.7951807228915663,0.6382978723404256,1.0,0.7792207792207793
30,16,10,0.09523809523809523,0.0,0.0,0.0
30,16,11,0.8095238095238095,0.6521739130434783,1.0,0.7894736842105263
30,16,12,0.8505747126436781,0.6976744186046512,1.0,0.8219178082191781
30,16,13,0.07228915662650602,0.0,0.0,0.0
30,16,14,0.7654320987654321,0.6122448979591837,1.0,0.759493670886076
30,16,15,0.8372093023255814,0.6818181818181818,1.0,0.8108108108108109
30,16,16,0.11764705882352941,0.0,0.0,0.0
30,16,17,0.7654320987654321,0.6122448979591837,1.0,0.759493670886076
30,16,18,0.7804878048780488,0.625,1.0,0.7692307692307693
30,16,19,0.16091954022988506,0.0,0.0,0.0
30,16,20,0.8372093023255814,0.6818181818181818,1.0,0.8108108108108109
30,16,21,0.11764705882352941,0.0,0.0,0.0
30,16,22,0.7654320987654321,0.6122448979591837,1.0,0.759493670886076
30,16,23,0.75,0.6,1.0,0.7499999999999999
30,16,24,0.8235294117647058,0.6666666666666666,1.0,0.8
30,17,0,0.8764044943820225,0.7317073170731707,1.0,0.8450704225352113
30,17,1,0.9361702127659575,0.8333333333333334,1.0,0.9090909090909091
30,17,2,0.8764044943820225,0.7317073170731707,1.0,0.8450704225352113
30,17,3,0.8764044943820225,0.7317073170731707,1.0,0.8450704225352113
30,17,4,0.8636363636363636,0.7142857142857143,1.0,0.8333333333333333
30,17,5,0.8095238095238095,0.6521739130434783,1.0,0.7894736842105263
30,17,6,0.07228915662650602,0.0,0.0,0.0
30,17,7,0.8235294117647058,0.6666666666666666,1.0,0.8
30,17,8,0.8095238095238095,0.6521739130434783,1.0,0.7894736842105263
30,17,9,0.75,0.6,1.0,0.7499999999999999
30,17,10,0.8095238095238095,0.6521739130434783,1.0,0.7894736842105263
30,17,11,0.9361702127659575,0.8333333333333334,1.0,0.9090909090909091
30,17,12,0.07228915662650602,0.0,0.0,0.0
30,17,13,0.09523809523809523,0.0,0.0,0.0
30,17,14,0.20224719101123595,0.0,0.0,0.0
30,17,15,0.8235294117647058,0.6666666666666666,1.0,0.8
30,17,16,0.8505747126436781,0.6976744186046512,1.0,0.8219178082191781
30,17,17,0.7804878048780488,0.625,1.0,0.7692307692307693
30,17,18,0.8888888888888888,0.75,1.0,0.8571428571428571
30,17,19,0.7951807228915663,0.6382978723404256,1.0,0.7792207792207793
30,17,20,0.09523809523809523,0.0,0.0,0.0
30,17,21,0.8505747126436781,0.6976744186046512,1.0,0.8219178082191781
30,17,22,0.8095238095238095,0.6521739130434783,1.0,0.7894736842105263
30,17,23,0.20224719101123595,0.0,0.0,0.0
30,17,24,0.8372093023255814,0.6818181818181818,1.0,0.8108108108108109
30,18,0,0.11764705882352941,0.0,0.0,0.0
30,18,1,0.75,0.6,1.0,0.7499999999999999
30,18,2,0.8235294117647058,0.6666666666666666,1.0,0.8
30,18,3,0.024691358024691357,0.0,0.0,0.0
30,18,4,0.04878048780487805,0.0,0.0,0.0
30,18,5,0.20224719101123595,0.0,0.0,0.0
30,18,6,0.8505747126436781,0.6976744186046512,1.0,0.8219178082191781
30,18,7,0.20224719101123595,0.0,0.0,0.0
30,18,8,0.8235294117647058,0.6666666666666666,1.0,0.8
30,18,9,0.7804878048780488,0.625,1.0,0.7692307692307693
30,18,10,0.024691358024691357,0.0,0.0,0.0
30,18,11,0.8636363636363636,0.7142857142857143,1.0,0.8333333333333333
30,18,12,0.75,0.6,1.0,0.7499999999999999
30,18,13,0.75,0.6,1.0,0.7499999999999999
30,18,14,0.7951807228915663,0.6382978723404256,1.0,0.7792207792207793
30,18,15,0.024691358024691357,0.0,0.0,0.0
30,18,16,0.18181818181818182,0.0,0.0,0.0
30,18,17,0.024691358024691357,0.0,0.0,0.0
30,18,18,0.2222222222222222,0.0,0.0,0.0
30,18,19,0.20224719101123595,0.0,0.0,0.0
30,18,20,0.20224719101123595,0.0,0.0,0.0
30,18,21,0.09523809523809523,0.0,0.0,0.0
30,18,22,0.7804878048780488,0.625,1.0,0.7692307692307693
30,18,23,0.024691358024691357,0.0,0.0,0.0
30,18,24,0.024691358024691357,0.0,0.0,0.0
30,19,0,0.8372093023255814,0.6818181818181818,1.0,0.8108108108108109
30,19,1,0.75,0.6,1.0,0.7499999999999999
30,19,2,0.04878048780487805,0.0,0.0,0.0
30,19,3,0.16091954022988506,0.0,0.0,0.0
30,19,4,0.7804878048780488,0.625,1.0,0.7692307692307693
30,19,5,0.7804878048780488,0.625,1.0,0.7692307692307693
30,19,6,0.16091954022988506,0.0,0.0,0.0
30,19,7,0.04878048780487805,0.0,0.0,0.0
30,19,8,0.04878048780487805,0.0,0.0,0.0
30,19,9,0.9130434782608695,0.7894736842105263,1.0,0.8823529411764706
30,19,10,0.07228915662650602,0.0,0.0,0.0
30,19,11,0.8235294117647058,0.6666666666666666,1.0,0.8
30,19,12,0.7951807228915663,0.6382978723404256,1.0,0.7792207792207793
30,19,13,0.7804878048780488,0.625,1.0,0.7692307692307693
30,19,14,0.8235294117647058,0.6666666666666666,1.0,0.8
30,19,15,0.07228915662650602,0.0,0.0,0.0
30,19,16,0.7951807228915663,0.6382978723404256,1.0,0.7792207792207793
30,19,17,0.8372093023255814,0.6818181818181818,1.0,0.8108108108108109
30,19,18,0.7804878048780488,0.625,1.0,0.7692307692307693
30,19,19,0.16091954022988506,0.0,0.0,0.0
30,19,20,0.07228915662650602,0.0,0.0,0.0
30,19,21,0.75,0.6,1.0,0.7499999999999999
30,19,22,0.75,0.6,1.0,0.7499999999999999
30,19,23,0.8095238095238095,0.6521739130434783,1.0,0.7894736842105263
30,19,24,0.07228915662650602,0.0,0.0,0.0
